amplicon,converged,amplicon_factor,alpha,beta_zero,beta_one,method,mean,variance
AMPL250217,True,0.0018893514153652,0.5421918906909604,-5.578374494719119,1.0,pearson,168.80994763377612,3909.812818723215
AMPL257565,True,0.0016338564730361,0.409302805863238,-5.723664943641494,1.0,pearson,186.44167052405103,5624.956886397862
AMPL257566,True,0.0002927061632337,0.8882410505415411,-7.443194127441264,1.0,pearson,213.00930196246645,17845.211198975965
AMPL253201,True,0.0009401001457073,0.3974871972758124,-6.276376969828545,1.0,pearson,205.3244283623867,9356.68412781234
AMPL257567,True,0.0006486961426226,0.4476897328698055,-6.647398963522266,1.0,pearson,211.0982754182198,12320.86089257375
AMPL250219,True,0.0001160456011589,0.9127809380708168,-8.368380150107859,1.0,pearson,213.244680870386,14911.394171295511
AMPL248729,True,0.0003213719466122,0.6423758737134884,-7.349764212875357,1.0,pearson,214.9977683753752,16698.948511334773
AMPL251098,True,0.0007936789810593,0.7723682708831455,-6.445684303881452,1.0,pearson,193.67674240889428,10358.97948874138
AMPL151786,True,0.0039897874813149,0.4071334412203489,-4.830870131767265,1.0,pearson,133.28746309661514,796.8484268045754
AMPL250221,True,0.000718124419831,0.5553921666655639,-6.545720536695712,1.0,pearson,204.8024357507139,11609.01468635241
AMPL250222,True,0.0013726266851699,0.4935429349246943,-5.897881905788482,1.0,pearson,186.16349678743367,5735.93675209334
AMPL253209,True,0.0001569985648489,0.7283638922735983,-8.066126713187298,1.0,pearson,219.5302840834535,16870.694800857746
AMPL253210,True,0.0016596885171469,0.4142493819768141,-5.707978153933288,1.0,pearson,183.1853016576249,4587.088555471706
AMPL253211,True,0.0006708565238039,0.4292973608734,-6.61380808773156,1.0,pearson,204.75908470592432,9122.61638361586
AMPL248732,True,0.0007454341164787,0.6151022615811281,-6.508396622049525,1.0,pearson,196.7528150490671,9008.802167468368
AMPL248733,True,0.0002150185206185,0.6428928398202401,-7.751639210574806,1.0,pearson,216.21944222409812,15563.802643636382
AMPL257571,True,0.0014737896904368,0.3559254825818281,-5.826770994321266,1.0,pearson,193.0540877642891,5561.031432720984
AMPL257753,True,0.0007145318616669,0.3278226885795903,-6.550735788072754,1.0,pearson,212.40628976915744,10850.28456683392
AMPL253216,True,9.10329771230412e-05,0.9218262501187758,-8.611141550565929,1.0,pearson,228.32448180730825,19121.85152032872
AMPL253217,True,0.0007997545270505,0.4488536071277501,-6.43805853800864,1.0,pearson,205.4169626689787,9625.62704316082
AMPL253218,True,0.0001369525224434,0.926250221545429,-8.202729063146393,1.0,pearson,202.653560674953,11722.56110633164
AMPL253219,True,0.0005400257433863,0.4908012539676857,-6.8307465660446605,1.0,pearson,208.2480009915057,11352.078033967897
AMPL253220,True,0.0020120053372851,0.3479296435009778,-5.515476193462,1.0,pearson,181.16908331110173,3868.1834431046127
AMPL253221,True,0.0012396739101543,0.4622989647361624,-5.999759729071422,1.0,pearson,191.30329047545357,6390.730105586415
AMPL253222,True,0.0018329384171099,0.7246696431387615,-5.608687726904825,1.0,pearson,157.3253888539606,3190.914577094579
AMPL253223,True,0.0022042008213306,0.4432676029630764,-5.424243094526189,1.0,pearson,168.2145356023129,3277.8291012738864
AMPL248743,True,0.0005575096540156,0.4682744843202732,-6.798883557599901,1.0,pearson,203.1116045776245,8296.212923652922
AMPL248744,True,0.0011097228143741,0.4280797660717776,-6.110497831062428,1.0,pearson,196.3638392634178,6891.570342403342
AMPL253226,True,0.000290835595451,0.6964782433441822,-7.449605233970799,1.0,pearson,208.0246144916279,13779.524583008608
AMPL253227,True,0.0014853032959842,0.3771509836355008,-5.818989107301588,1.0,pearson,191.22404987293737,5448.711215472854
AMPL248748,True,0.0001163601383626,0.749950891541414,-8.365673354686589,1.0,pearson,210.44631764130824,12173.262560771793
AMPL115238,True,0.0002837382133039,0.4872743702770966,-7.474311348488525,1.0,pearson,215.9619891455645,14475.09848310801
AMPL251104,True,6.463918925351789e-05,1.171981984451259,-8.95354250575904,1.0,pearson,242.3170887522388,21528.01794501259
AMPL257574,True,0.0032223466668516,0.2445633678350039,-5.04449822577064,1.0,pearson,168.15170518866395,2485.244015466072
AMPL251106,True,0.0008457943684829,0.5202442405079406,-6.382087110601741,1.0,pearson,199.9353428569079,8972.65288399715
AMPL251107,True,0.0004440868586341,0.746133266844042,-7.026343206550331,1.0,pearson,206.02450600590373,13725.03949646964
AMPL250226,True,0.0006904203789891,0.4307319267395876,-6.585062720415579,1.0,pearson,209.73330098770856,11379.320636084363
AMPL112922,True,6.366658038381543e-05,0.7431966533798438,-8.968703593254757,1.0,pearson,224.59615725038103,13560.885968043183
AMPL248758,True,0.0004863784077883,0.5338777921753737,-6.935376439620288,1.0,pearson,211.46116704286652,13661.105262491716
AMPL250228,True,7.998001370965208e-05,1.335664966041366,-8.740586602572167,1.0,pearson,236.0550994433284,21484.508090504303
AMPL257576,True,0.0007941205714402,0.4260000496604207,-6.445128074486446,1.0,pearson,205.9622630260097,9424.34311372192
AMPL257777,True,0.0002053636322755,0.567960747341696,-7.797581153641399,1.0,pearson,219.47028550810876,17605.228052430164
AMPL250230,True,0.001608140072003,0.3020353586486587,-5.73952982200461,1.0,pearson,196.17342728092703,6157.875206633916
AMPL93537,True,0.0005861309607437,0.5263074801846614,-6.74882013029795,1.0,pearson,207.4796487724648,11696.471997877934
AMPL251114,True,0.0004706999697509,0.6011538503619137,-6.9681424932611655,1.0,pearson,207.32204085492333,13978.579984856884
AMPL257577,True,0.0007204162190147,0.4974708028046208,-6.542534250454299,1.0,pearson,203.99380589964312,10092.79648015861
AMPL250232,True,0.0002484161589508,0.7203275775001513,-7.607257977323674,1.0,pearson,211.06906598880545,14420.498398155896
AMPL250234,True,0.0004190858872046,0.6668536313250961,-7.084287497092673,1.0,pearson,208.70385217991188,13292.686997105464
AMPL250235,True,0.0011345581224471,0.2982406238625521,-6.088364842723147,1.0,pearson,206.70513956765055,8609.138365273468
AMPL250236,True,9.6672008786257e-05,0.7648797371337622,-8.551039481312772,1.0,pearson,223.34617565910924,15965.940193241522
AMPL250237,True,0.0010760416890887,0.5984043006454963,-6.141318892926874,1.0,pearson,187.50017690162397,6428.883280811149
AMPL250238,True,0.0006448165283133,0.7107170239193425,-6.653397553300108,1.0,pearson,198.71802077315053,10033.56438389906
AMPL253250,True,0.0003219952970084,0.4895840794520469,-7.347826437530277,1.0,pearson,215.7340897145397,14701.105240694393
AMPL187925,True,0.0003691590972207,0.58802807749903,-7.211135668505785,1.0,pearson,213.3582028102336,15439.098759108188
AMPL257578,True,0.0003165967815545,0.7226585428590357,-7.364734395661102,1.0,pearson,213.87889016694209,18070.272134609266
AMPL121280,True,0.000878007717074,0.7453759818818194,-6.344707994429653,1.0,pearson,190.1362037184048,9106.608479877315
AMPL257792,True,0.0006658611832494,0.4976624902954339,-6.621282162148611,1.0,pearson,206.5853593918882,11615.490427330296
AMPL59620,True,0.0011006576855441,0.620342681344745,-6.1187002013372265,1.0,pearson,188.17910128086783,7554.855890408796
AMPL250241,True,0.0005076938191706,0.5238194155838328,-6.892484829701514,1.0,pearson,209.62553906048788,12512.592513430936
AMPL251125,True,6.365499053652844e-05,0.9782182803189164,-8.968885649558889,1.0,pearson,217.5362801385196,15234.514694711675
AMPL61654,True,0.0015375283175066,0.4069358852287692,-5.784431960002755,1.0,pearson,190.6126877175542,6748.518685953767
AMPL250242,True,0.0010182808943945,0.4863336599091333,-6.1964922906589015,1.0,pearson,195.66956749606237,7198.549821902264
AMPL250243,True,0.0007539740669216,0.4456906355941066,-6.497005403991038,1.0,pearson,207.3880439050244,10786.550712736189
AMPL250245,True,0.0001581134297517,0.7601837883966425,-8.059050692130363,1.0,pearson,215.00904253083223,15868.4939395929
AMPL244809,True,0.0001496945646391,1.0731608699919255,-8.113766394993679,1.0,pearson,224.40290697380917,20686.49439718605
AMPL244810,True,0.0007680880376025,0.4848314181618283,-6.4784590185314,1.0,pearson,203.13408467317396,9673.02467903726
AMPL253264,True,0.0008375716199215,0.5256693816955471,-6.391856601037237,1.0,pearson,197.70316499667564,8237.215192569367
AMPL244812,True,0.0013052383065124,0.3215540393036003,-5.948222463964382,1.0,pearson,202.89159721990768,8520.73833116075
AMPL244813,True,0.0004564560957187,0.4190942039439663,-6.998870857856996,1.0,pearson,213.9897242353071,12752.101615873633
AMPL8463,True,5.353712371826459e-05,0.9413657618107308,-9.141988062864572,1.0,pearson,246.6161454756835,19461.54885351254
AMPL244815,True,0.0013900975354074,0.278750849439478,-5.885234184383482,1.0,pearson,201.19497260829743,6305.675212892908
AMPL244816,True,0.0022474572999287,0.3063929872751457,-5.404808610158392,1.0,pearson,179.63378451991017,3187.571820842028
AMPL244817,True,0.0007853432616314,0.6022663070911795,-6.456242479235556,1.0,pearson,198.4266425183736,9796.658457966138
AMPL244818,True,0.000588181750416,0.5631285431883275,-6.745327377919961,1.0,pearson,204.44279589788863,10916.74499102613
AMPL244819,True,0.0007651535663891,0.5139898701935878,-6.482286823345502,1.0,pearson,204.72435128292105,10832.891919802314
AMPL253273,True,0.0006617407547619,0.4986533414505329,-6.627489507287153,1.0,pearson,206.24110616819848,10826.983828098408
AMPL253274,True,0.000447683265745,0.7223739602759827,-7.0182773911336485,1.0,pearson,207.3790423137719,14658.262607773073
AMPL244822,True,0.0010766036529408,0.5372975981495164,-6.140796778248807,1.0,pearson,191.21485683302768,6958.993897668222
AMPL253276,True,0.0015721369449047,0.3988270274718406,-5.76217229313014,1.0,pearson,187.42658849595716,5093.679847434562
AMPL253277,True,0.0008643493410599,0.3540254191927607,-6.360386360389122,1.0,pearson,208.21654005330103,9241.072844302413
AMPL253278,True,0.0001844730657692,0.7740206364703448,-7.904859909571053,1.0,pearson,217.4528601282779,18356.797266922145
AMPL253279,True,0.0001463248293862,0.8600171623433053,-8.136534368219863,1.0,pearson,222.15652609965335,19686.41300278397
AMPL244828,True,0.0005522260401313,0.6268388207888811,-6.808405921955106,1.0,pearson,207.2504019738112,13409.066491468902
AMPL244829,True,0.0002955406850795,0.5921769646513879,-7.433556867871082,1.0,pearson,214.1600808185389,16143.303220983988
AMPL244830,True,0.0005423012675669,0.6451855059222318,-6.826541686169321,1.0,pearson,206.56718246177743,13464.86163080644
AMPL253283,True,0.0019608991681454,0.3845670662460285,-5.541204971119721,1.0,pearson,178.92905775425078,3750.588444626205
AMPL257586,True,0.001205270889974,0.4108900586166665,-6.027903751786679,1.0,pearson,197.13813447816065,7372.529558140555
AMPL239235,True,0.0014797486818719,0.4770655766298248,-5.822735834611414,1.0,pearson,185.07705009925888,5525.116614762298
AMPL250249,True,0.0006971925315474,0.5030492823146128,-6.575301775882094,1.0,pearson,205.07057937590983,10509.639281816682
AMPL250251,True,0.0001732460079023,2.508047116013296,-7.9676507820102,1.0,pearson,221.2819606482387,26154.724212108595
AMPL257588,True,0.0002719913469347,2.0067218576510863,-7.516593124354242,1.0,pearson,204.33261291072495,19098.45923807585
AMPL253289,True,3.896167320981865e-05,4.559046601858931,-9.459784952688256,1.0,pearson,300.9060709006112,48464.08408265708
AMPL250253,True,0.0007019887585176,0.5168085698271481,-6.56844598701442,1.0,pearson,206.20556639404484,11425.102744018255
AMPL251135,True,0.000501757536659,0.5583685221036345,-6.904246369095106,1.0,pearson,208.31531968195463,12555.315590465598
AMPL253292,True,0.0008903857660793,0.6470599106900256,-6.3307085635553015,1.0,pearson,194.064087296758,9109.534739463024
AMPL165734,True,4.964637677751111e-05,4.712540173908903,-9.217437964852689,1.0,pearson,306.33359735219483,51058.37982057227
AMPL165735,True,0.0005227182327935,0.5810724365126746,-6.863320810347115,1.0,pearson,205.927268045692,12096.353843830202
AMPL253295,True,0.000526898300092,0.704559331531347,-6.855355826438195,1.0,pearson,204.1777325661908,13180.589696989751
AMPL59152,True,0.0017122690489055,0.2649388605687253,-5.676788678315583,1.0,pearson,197.39167041257232,6032.112890762488
AMPL253297,True,0.0019662255170531,0.2816758372066155,-5.538492374703438,1.0,pearson,188.35136120307413,4029.2697270713647
AMPL249250,True,0.0012643345811531,0.4911347538404933,-5.980062137445042,1.0,pearson,187.65575306508487,5540.8232923039
AMPL249251,True,0.0029440019443689,0.3594884028250565,-5.134838237104363,1.0,pearson,159.01302770392928,1829.1202890781476
AMPL253300,True,0.000920767676585,0.3136425874331983,-6.29715562423459,1.0,pearson,209.83765882330573,9810.79963935469
AMPL165742,True,0.0016055137272821,0.2630032628160656,-5.741164313751129,1.0,pearson,199.8006186210811,6521.635618940059
AMPL165743,True,0.0028584271633321,0.2993217495156817,-5.164336567755358,1.0,pearson,168.19012675481022,2909.970083152165
AMPL165744,True,0.0001008980233518,1.5133537461929536,-8.50825304040624,1.0,pearson,238.147361641049,24889.18479456273
AMPL250255,True,0.0018679620086833,0.4040080393424226,-5.589760096786289,1.0,pearson,178.86207676735972,3471.9852161386584
AMPL251137,True,0.0009632619943269,0.5384618301837037,-6.252037942039963,1.0,pearson,197.15086528628655,8772.867461184678
AMPL244843,True,0.0009552678347258,0.3615234884740012,-6.260371621033474,1.0,pearson,206.20830998713885,8900.406678867068
AMPL248805,True,0.0002526522199761,0.7673284114358694,-7.590349458939952,1.0,pearson,207.32889460316616,13308.109351983192
AMPL248806,True,0.0006363556525436,0.3168050700818226,-6.666605768246771,1.0,pearson,215.6785775516269,12124.62450568503
AMPL248807,True,0.0012076765478579,0.3127147038231953,-6.025909793158966,1.0,pearson,203.60997434061767,7568.353762742537
AMPL251138,True,0.0004088289207624,0.6909243108794806,-7.109066595512155,1.0,pearson,210.8012496592396,15146.810907056304
AMPL253311,True,0.001816106557338,0.4286305488104066,-5.617913143016237,1.0,pearson,178.97520566489982,4020.936412080997
AMPL253312,True,0.0013635036326339,0.4854599630416055,-5.904550510924225,1.0,pearson,188.46486407203764,6229.591783394068
AMPL250256,True,0.0012894959866146,0.349970082870203,-5.960356664445528,1.0,pearson,198.63799721652907,6907.990501946829
AMPL251140,True,0.0004145478944658,0.5961951079872573,-7.095174861938685,1.0,pearson,211.02367355992365,14455.882792651755
AMPL251141,True,0.0014404564780084,0.3519132184181398,-5.849648036450764,1.0,pearson,195.9924799221312,6684.386580209131
AMPL251142,True,8.399242683915704e-05,1.901563587099622,-8.691636739302075,1.0,pearson,213.55036221580508,15127.15516575875
AMPL252824,True,0.000717476312608,0.5410608909152315,-6.546623444102144,1.0,pearson,204.05156550926108,10992.710603521442
AMPL252825,True,0.002336390236771,0.6208386247502122,-5.366000993995831,1.0,pearson,150.50352496864164,2318.3424950082785
AMPL252826,True,0.0004483791955968,0.554775907094801,-7.016724084256807,1.0,pearson,210.8916018644811,13203.582308556664
AMPL252827,True,0.0020422370881773,0.4742821294779596,-5.500562279553989,1.0,pearson,169.36656420058912,3224.818754584689
AMPL121707,True,0.0005376166201209,0.4583791324576231,-6.835217673269645,1.0,pearson,212.8098409838232,12884.922397212316
AMPL248809,True,0.0007825252162542,0.5572365025107547,-6.459837230264257,1.0,pearson,199.59788078303143,9509.212138163668
AMPL251144,True,0.0012466600003799,0.3683564400683158,-5.994140122966978,1.0,pearson,200.73712100303024,8135.621739004412
AMPL250258,True,0.0014289711968062,0.4468124311581118,-5.857653355866354,1.0,pearson,188.2357060295413,5820.65583088569
AMPL250259,True,0.0010193657577072,0.5174225695391917,-6.195427470697027,1.0,pearson,197.51516608626036,9015.286202925898
AMPL257594,True,0.0003162711034484,0.7904435428907884,-7.365763609317076,1.0,pearson,210.87908512523543,17516.325153283517
AMPL250260,True,5.174688972634579e-05,6.960915788721365,-9.175999048971404,1.0,pearson,294.8899968883175,55576.76868858993
AMPL250261,True,0.0027525492672783,0.3582798477637537,-5.202080609865637,1.0,pearson,163.42952787513178,2099.1122017361067
AMPL257595,True,0.0008790798966239,0.7937362495816748,-6.343487588942031,1.0,pearson,188.1105106563352,8220.28177336859
AMPL40482,True,0.0007347420027156,0.4735731511549257,-6.522843956525709,1.0,pearson,205.4353734722637,10396.140583442231
AMPL253331,True,0.0008139955658517,0.5215918373423502,-6.420408458773253,1.0,pearson,201.7399118008068,9917.999766694267
AMPL251151,True,0.0016327009313854,0.8047986411740412,-5.724372441815183,1.0,pearson,159.27813678662332,3530.4276543758897
AMPL251152,True,0.0015151860600716,0.6670108703266456,-5.7990698550731175,1.0,pearson,170.77945657669366,4536.581440319164
AMPL251153,True,0.0001814429755741,1.188247114369935,-7.92142195723028,1.0,pearson,219.2527925700675,19456.714420481014
AMPL250264,True,0.0015091983661223,0.4658894257929801,-5.803029471926475,1.0,pearson,183.71416243247037,4851.41792091665
AMPL257597,True,1.4111415747700727e-05,2.9963955486344,-10.475379280095249,1.0,pearson,346.7497475121561,37679.109085202326
AMPL250265,True,0.0004601133261334,0.486527316398751,-6.990890557103416,1.0,pearson,210.22690394069343,12019.033259482703
AMPL251157,True,0.0008624802425677,0.288426624739547,-6.362551135928976,1.0,pearson,212.23528443166663,9713.052385830371
AMPL13842,True,0.0009863866229558,0.5902861693985778,-6.228314987126431,1.0,pearson,193.2323796214815,8510.360666428427
AMPL251159,True,0.0001372293600808,1.1113061704965597,-8.200709690247626,1.0,pearson,221.8430682831936,20610.07038053021
AMPL52291,True,0.0010067068320953,0.5414597436148253,-6.207923657066971,1.0,pearson,195.41265702550692,8311.41571518973
AMPL250267,True,0.0011460809259003,0.4391677136458333,-6.078259866653919,1.0,pearson,196.9304935272844,7602.692611919168
AMPL244847,True,0.0003243530905978,0.6815593890364307,-7.340530669201596,1.0,pearson,212.1327695304906,15596.762895458653
AMPL253924,True,0.0006679192309573,0.4682905435431317,-6.618196122918569,1.0,pearson,209.2054642568981,11845.91817903793
AMPL253343,True,0.0002822622890621,0.5604349071999627,-7.479526635686844,1.0,pearson,210.322338711372,12407.19113494511
AMPL244850,True,3.4113823753079485e-05,1.4616167363404986,-9.59266068660928,1.0,pearson,265.78678391071173,25796.425858905008
AMPL244851,True,0.001028663675479,0.4084209157079584,-6.186347540983433,1.0,pearson,201.1948230492789,8287.116635534492
AMPL253345,True,0.0002330052178605,0.860951590348638,-7.671302529837884,1.0,pearson,212.24321300990107,17274.077880937548
AMPL244853,True,0.0018796695875341,0.4367131478356066,-5.583512088338008,1.0,pearson,177.37183534668156,4193.185573705172
AMPL253347,True,0.0010023143161182,0.432625406050036,-6.212296456208755,1.0,pearson,198.53893312539967,7302.11295372707
AMPL244854,True,0.0003955529335629,0.840793078122563,-7.142078759549444,1.0,pearson,202.6352627820121,13571.256199223111
AMPL253349,True,0.0016341968563604,0.3732036301059789,-5.723456634112136,1.0,pearson,189.8126735716588,5740.364481404273
AMPL244856,True,0.0004896924993505,0.502830517986471,-6.928585735638824,1.0,pearson,208.29529514423783,11360.185136120572
AMPL244857,True,0.0008952479472842,0.5163991610266883,-6.325262661425128,1.0,pearson,200.13029979356352,9561.898088407735
AMPL250268,True,0.0017884646315383,0.3079230943844813,-5.633250594389572,1.0,pearson,191.62982014623933,5489.22228260363
AMPL257600,True,0.0007308923048806,0.4760807171853636,-6.5280972542526765,1.0,pearson,207.67037298582,11307.26485143164
AMPL251162,True,0.0003766871257852,0.6217682964772422,-7.190948439597232,1.0,pearson,212.0816365576221,14856.949937024838
AMPL177159,True,0.001019081195101,0.3650288308381364,-6.19570666619691,1.0,pearson,205.07746859994288,8958.850164779305
AMPL250270,True,0.0009067147773352,0.4658814721518114,-6.312535444952775,1.0,pearson,201.29320689319096,8635.181476117206
AMPL253357,True,0.0008046944555076,0.4971727958332294,-6.431900730411919,1.0,pearson,200.213712826757,8422.99774379037
AMPL253358,True,0.0003207003719894,1.0205856986560005,-7.351856110776216,1.0,pearson,198.57928110570523,15117.344547093668
AMPL248826,True,0.0015396630194443,0.3406567886414971,-5.783044524483547,1.0,pearson,194.41245639408805,6174.337815118864
AMPL250271,True,0.000120887342737,1.2756031199814226,-8.327504317265268,1.0,pearson,229.78494227534827,25534.23043208121
AMPL257602,True,0.0017126217523518,0.378613956438238,-5.676582713531318,1.0,pearson,186.14544914556384,4838.225488609683
AMPL257603,True,0.0003297300548576,0.7157493042758644,-7.324089073283922,1.0,pearson,213.1848228761771,16956.723556487806
AMPL248830,True,1.7950566710105983e-05,2.980067953797301,-10.234741691374763,1.0,pearson,323.04591776428515,31253.901919866992
AMPL250274,True,0.0003402458248799,0.7964695331320822,-7.292695006690327,1.0,pearson,208.4994766795979,15793.023108551066
AMPL119939,True,0.0003019170153615,0.5325967439124125,-7.412211181360336,1.0,pearson,216.5876634771648,16091.504867886604
AMPL250276,True,0.0008906282949638,0.4105612787901293,-6.330436214345602,1.0,pearson,202.83847428311705,7867.203221526368
AMPL257605,True,0.0001220609433083,8.952390544907786,-8.317842922083118,1.0,pearson,282.8749706444079,42156.03474601347
AMPL251171,True,0.0009284540571158,0.9084185770840818,-6.288842478594173,1.0,pearson,183.1828138830154,8356.490572532124
AMPL251172,True,2.665344209075657e-05,1.5934005371181668,-9.83944507600497,1.0,pearson,283.2791178299966,22983.116807181385
AMPL257606,True,0.0005814768822809,0.5365686674188229,-6.75679216155668,1.0,pearson,206.3083865989852,11534.4605829615
AMPL166269,True,0.0004656253036791,0.5425323102995018,-6.978982136073845,1.0,pearson,210.0063224104104,13434.923127061804
AMPL115555,True,0.0006396664099719,0.5208303745983869,-6.661416571359324,1.0,pearson,205.65444872506748,11083.504138318878
AMPL250279,True,0.0008535707920282,0.5107735001078793,-6.372934895401115,1.0,pearson,200.08776342191425,8788.951611952534
AMPL250280,True,0.0016082942344561,0.3142892670111574,-5.739433962777575,1.0,pearson,193.30575328614916,5088.48099298206
AMPL253375,True,0.000437099181942,0.550636348967716,-7.0422032470948,1.0,pearson,211.93029301517583,14076.066722627702
AMPL250282,True,0.0007176417227596,0.5636692187257227,-6.546392926265691,1.0,pearson,203.41440485321883,10829.159762891197
AMPL257608,True,0.0004192665225528,0.4702091232339308,-7.0838565676913055,1.0,pearson,211.54760026351696,11685.677576932376
AMPL257918,True,0.0004802127659052,1.5469255870264036,-6.948134109411482,1.0,pearson,174.82655472188716,9620.948084281132
AMPL253379,True,0.0008050178417901,1.0171445796714462,-6.431498936516961,1.0,pearson,181.9134241363083,8488.161917538348
AMPL248841,True,0.0001222674194339,2.097653923501968,-8.316152768942773,1.0,pearson,235.27019034239132,26633.41529562059
AMPL250283,True,4.078634906058409e-05,6.428047213891515,-9.414015933827637,1.0,pearson,289.3095089461599,47309.3876093818
AMPL251179,True,4.073967472351524e-05,2.3489924812049163,-9.415160950841882,1.0,pearson,278.9993118010055,30567.77854608421
AMPL250284,True,0.0008176842460413,0.3089671248580652,-6.415887122606035,1.0,pearson,210.33429791504736,9102.35064682311
AMPL250285,True,0.0002623001143801,0.6364947402801984,-7.552874054465442,1.0,pearson,217.5310428476999,18323.82715034081
AMPL257609,True,0.0009477667471764,0.5239628158332418,-6.268254952706156,1.0,pearson,197.4653298759845,8679.361270216268
AMPL248842,True,0.0010122141621181,0.3811474156896156,-6.202467927299392,1.0,pearson,204.22136103779533,8807.497444347302
AMPL248843,True,0.0012585484529703,0.3183897217154094,-5.984649062997719,1.0,pearson,202.58624045901985,8098.21583269441
AMPL248844,True,0.0031618558535912,0.3739675560797052,-5.063448947773579,1.0,pearson,152.5301623181561,1774.9883187092084
AMPL248845,True,0.0014041652100796,0.2771158684977429,-5.8751651287443405,1.0,pearson,201.89364002467863,7243.051326486787
AMPL253390,True,0.0005896996480518,0.4534422100369352,-6.742750041223869,1.0,pearson,209.85576471003225,12051.918116798175
AMPL221874,True,8.57752045465096e-05,1.0414980774177205,-8.670633403975867,1.0,pearson,236.6893365436092,20556.19881107077
AMPL250288,True,0.0011097269364099,0.582218228390964,-6.110494116595965,1.0,pearson,193.3411283013195,7722.207488245643
AMPL257611,True,0.0005326211908688,0.4759914198355501,-6.844552917228995,1.0,pearson,209.25552147533736,11925.85574848787
AMPL251185,True,0.0006617489649299,0.5101141566307358,-6.62747710043894,1.0,pearson,204.76307536983663,10894.31449826858
AMPL251186,True,0.000653792353702,0.8276484281691869,-6.639573578346207,1.0,pearson,193.23054608034707,10329.75279316948
AMPL257612,True,0.0001928617388524,2.011201020947144,-7.860389824224303,1.0,pearson,212.19428754320148,22387.472744123024
AMPL257613,True,0.0018808551225387,0.3789339665947004,-5.582881572580082,1.0,pearson,183.1953238400608,4762.938347995978
AMPL177184,True,2.1615788883082125e-05,29.652210896584805,-10.048939362930971,1.0,pearson,475.033804343814,198269.6373418726
AMPL250290,True,0.0001969986771746,0.8373081599750175,-7.8391663635383,1.0,pearson,220.2789916327096,18772.80411887166
AMPL257614,True,0.0010271665936814,0.4090102514195793,-6.187803966725067,1.0,pearson,201.69653990849145,8549.222847758994
AMPL253401,True,0.0013675856369107,0.3496832540422399,-5.90156122209945,1.0,pearson,198.71325841960072,7428.64419413317
AMPL248849,True,0.0003281465437579,0.6442662430100718,-7.328903089046825,1.0,pearson,214.45431460594693,15901.05620550863
AMPL119983,True,0.000547312729176,0.4600788376682577,-6.817343021392233,1.0,pearson,212.4072333630032,13213.054919999531
AMPL250291,True,0.0002029195702819,0.69168162094882,-7.809553682380355,1.0,pearson,219.78996379142424,17134.978570182582
AMPL253405,True,0.0011206515347646,0.5893284387411479,-6.100697854784545,1.0,pearson,185.0977927576413,5558.048169486884
AMPL253406,True,0.0022787419271409,0.3773572611052063,-5.390984594087641,1.0,pearson,171.82273838878533,3110.9572506076715
AMPL251192,True,0.0006181530602969,0.5614033665634777,-6.6956272802285,1.0,pearson,205.2407934561205,11497.294984597796
AMPL151964,True,0.0006672301042895,0.5075992084543755,-6.61922840703965,1.0,pearson,208.3477187994108,12257.08788303613
AMPL250293,True,0.0004261488086222,0.6229513950062691,-7.0675747761169205,1.0,pearson,207.48590365849785,13766.490425009102
AMPL250294,True,0.0001527906778309,0.8886174745943086,-8.093294511492664,1.0,pearson,220.2731704788518,19188.477963328463
AMPL253411,True,0.001478010154315,0.4320617848266813,-5.823911405611867,1.0,pearson,188.5150821357189,5851.729536245131
AMPL253412,True,0.0001388328068917,0.7425637477906786,-8.189092996368839,1.0,pearson,224.1076778092614,18683.09799379696
AMPL250295,True,0.0005547803635366,0.6823615702524076,-6.8037910833596085,1.0,pearson,204.8186886660517,12485.29531745142
AMPL257617,True,0.0012272430296103,0.484628348373979,-6.009837884164201,1.0,pearson,190.7376955619668,6486.469821752333
AMPL250296,True,0.0006015348686541,0.7731653055598983,-6.722878874169861,1.0,pearson,199.26399597339065,11752.602688087
AMPL250297,True,0.0004900759952909,0.5060665495682871,-6.927802905894828,1.0,pearson,212.5256580755821,14054.89601670762
AMPL113442,True,0.0006351869091089,0.5745460320718937,-6.668444076769147,1.0,pearson,205.76913980526015,12040.7329301088
AMPL257618,True,0.000605497623505,0.5420000332395464,-6.716312739265999,1.0,pearson,209.1042421410952,13379.73223611178
AMPL250298,True,0.00171662521444,0.4151527447118382,-5.674247819634337,1.0,pearson,182.51968163161408,4319.930294251478
AMPL253420,True,0.0007514626609411,0.4025209184994289,-6.500341855485421,1.0,pearson,205.15136490250345,8548.434941100919
AMPL248866,True,0.0021992249355407,0.3109980059943673,-5.426503102157812,1.0,pearson,180.09073225857128,3544.86454706496
AMPL253422,True,0.0006867017612885,0.3263386429878785,-6.590463296922192,1.0,pearson,213.84974060462025,11005.464905475465
AMPL257621,True,0.0025005096720911,0.3283776976765369,-5.298113518490022,1.0,pearson,172.395152314074,2896.3332103094244
AMPL122652,True,0.0019525012613204,0.1395109892460163,-5.545496849687883,1.0,pearson,205.24016671797105,6011.556801369456
AMPL253425,True,0.0019165833818626,0.3054745652270506,-5.564063986166383,1.0,pearson,185.653503037741,3808.2025135562935
AMPL165609,True,0.0021866643801242,0.2460898990974363,-5.432230829809756,1.0,pearson,186.85343259185063,3611.926469566377
AMPL226340,True,7.221201887675624e-05,0.9123252869831044,-8.842756878922481,1.0,pearson,216.11112643647309,12010.37146379483
AMPL257623,True,0.0008800211273568,0.4917788798837237,-6.342417461860188,1.0,pearson,201.16446582644295,9748.438474823137
AMPL251202,True,0.0004393213148193,0.4317707766122218,-7.037132307637516,1.0,pearson,215.1549875846017,14018.898942290029
AMPL251203,True,0.000697178883397,0.4294268416036272,-6.575321351943697,1.0,pearson,208.4263755611563,10696.935566930304
AMPL250300,True,8.978454088745715e-06,4.976435818785348,-10.927535660383564,1.0,pearson,436.7497846853107,61030.27989929992
AMPL257624,True,0.0005239550714784,0.684993011586549,-6.860957438212585,1.0,pearson,204.57811234169824,13223.091735020646
AMPL160274,True,0.0002593879218324,1.5816914125971446,-7.5640386685473855,1.0,pearson,190.8617598011053,14297.14442334661
AMPL160275,True,0.0019918971758321,0.4283194028393757,-5.525520559150207,1.0,pearson,174.4507243015664,3666.271387485311
AMPL250301,True,0.0002069112168827,1.2596703014453898,-7.790073580092822,1.0,pearson,212.2223992544641,19580.311937000617
AMPL11982,True,0.0019152599148601,0.5170191326143788,-5.564754759223968,1.0,pearson,170.04645052943866,4098.157952265067
AMPL251207,True,0.0015577347952824,0.5290329331003611,-5.771375386719386,1.0,pearson,179.12985005417912,4969.091001418244
AMPL257628,True,0.0024082333695448,0.3439982125751855,-5.335714661408682,1.0,pearson,173.4167228086409,3177.206984477431
AMPL257629,True,0.0003876401999872,0.66536317453635,-7.162285787628303,1.0,pearson,209.0468002231001,13759.18112507269
AMPL257630,True,0.0002202967611295,0.7473883064418747,-7.727387825794085,1.0,pearson,215.4506535550053,17663.56633085664
AMPL250304,True,0.0004853681592953,0.5616644200520022,-6.937455683100336,1.0,pearson,207.81777031929224,12114.065096643004
AMPL257631,True,0.0004671769245288,0.8303277281563795,-6.975655338101437,1.0,pearson,208.74537844374333,16335.162055930125
AMPL126740,True,0.0005804618065601,0.5934126810682862,-6.758539372470211,1.0,pearson,207.89011043745765,13054.567011523122
AMPL143573,True,0.0012989503396806,0.6225260896610769,-5.953051591117573,1.0,pearson,181.4363914496188,5388.928690443639
AMPL257985,True,0.0007842176345495,0.8507291076172264,-6.457676800487628,1.0,pearson,187.65842232245691,8857.743231024006
AMPL257986,True,0.000501706839169,0.9689788645982684,-6.904347414017606,1.0,pearson,196.01784132184807,14088.53726583084
AMPL257987,True,0.000536945340143,0.7319645425813192,-6.836467075519194,1.0,pearson,193.17875398502017,9090.032717189062
AMPL257988,True,0.0020604633344755,0.2731046204363708,-5.491677221263017,1.0,pearson,188.815785670638,4717.737553509091
AMPL250307,True,0.0024686439127053,0.4183379468032645,-5.31093912174693,1.0,pearson,163.8280955270556,2537.319987376386
AMPL120016,True,0.001528484218652,0.3887420856937801,-5.790331560855544,1.0,pearson,190.98161974660997,5895.897051841941
AMPL250309,True,0.0011043968488733,0.4090470245117325,-6.115308750600022,1.0,pearson,198.63739248825965,6995.357398299374
AMPL115655,True,0.0012483664434779,0.2565863058378739,-5.992772246992543,1.0,pearson,207.35111343464183,8206.179838605382
AMPL115656,True,0.001031508225613,0.4701783639034321,-6.183586070505921,1.0,pearson,198.2927325532497,8632.535286621043
AMPL115657,True,0.0001069536450584,1.2345396760926994,-8.449967860563644,1.0,pearson,224.95239909831804,20177.845990113587
AMPL113204,True,0.0001390482857648,1.0790205713348011,-8.187542124993023,1.0,pearson,218.9395474249544,22143.505642905267
AMPL4077,True,0.0002340294152784,1.0439145913673655,-7.666916563628642,1.0,pearson,217.41107123700397,21007.20396132496
AMPL115660,True,0.0017651634632945,0.5341000009724152,-5.646364798560724,1.0,pearson,173.3796727087865,4416.171275993588
AMPL253455,True,0.0013098212702028,0.3114807001194399,-5.944717405476854,1.0,pearson,200.95942389062571,6867.605157380469
AMPL253456,True,0.0004866366415084,0.3374144893335445,-6.93484564880397,1.0,pearson,216.20005115764585,12154.50480681113
AMPL165898,True,0.0005965439644248,0.9008460317560856,-6.73121043460106,1.0,pearson,198.709532234304,12976.685272047878
AMPL165899,True,0.000747267597341,0.3493272940980395,-6.505940027048085,1.0,pearson,209.4666439673423,9311.872059367706
AMPL165900,True,0.0020391822375339,0.3188848352683988,-5.5020592348874295,1.0,pearson,182.9539990364986,3659.165163508015
AMPL165901,True,0.0008205791960886,0.423556235997536,-6.412352949790878,1.0,pearson,204.8594210821784,9342.253567111407
AMPL165902,True,0.0008944447600638,0.451477012269501,-6.326160231461629,1.0,pearson,203.3078100413048,9655.86862654036
AMPL165903,True,0.0002692717341049,0.5913170640777868,-7.526642343715822,1.0,pearson,214.76505311001827,16020.32831465535
AMPL257633,True,0.0015072226979203,0.7623163004030077,-5.804339414035102,1.0,pearson,167.3779852729914,4713.794506931647
AMPL250312,True,1.7707309723008632e-05,3.5896071871697965,-10.248385844375726,1.0,pearson,344.97144020381575,46281.84466536702
AMPL128656,True,2.288579645617832e-05,5.722837576278926,-9.991846901362116,1.0,pearson,370.86486588943774,59717.25991779499
AMPL251220,True,0.0070379759203907,0.3298822600579181,-4.263287480899669,1.0,pearson,100.4938694390018,162.1108904387886
AMPL248894,True,0.0003103881961519,1.270563253697422,-7.384539617679392,1.0,pearson,202.14966742365272,18612.400929481635
AMPL242360,True,0.0001792797592109,2.087084388145706,-7.933415891001993,1.0,pearson,213.680593887622,26218.458367499577
AMPL253469,True,0.0019731303584849,0.732444614915607,-5.534986802360588,1.0,pearson,153.22570947010362,2939.4194444695127
AMPL253470,True,0.0023273552897626,0.2954982581918768,-5.36987554429441,1.0,pearson,179.864940994438,3531.501366381987
AMPL253471,True,0.0004223382524951,0.3272039900394197,-7.076556838237845,1.0,pearson,214.6743802869848,10702.800707214052
AMPL242364,True,4.496762584168913e-05,1.845525173599956,-9.316420572285134,1.0,pearson,269.2575037110559,26753.92110455005
AMPL253472,True,0.0007894564033688,0.5251254223146944,-6.451018765792141,1.0,pearson,202.20604197325127,10335.141877087366
AMPL242366,True,0.0005026851923705,0.6276157457927473,-6.902399263335001,1.0,pearson,206.79717558125253,12923.521433587652
AMPL242367,True,0.0006802098528416,0.4285404683669802,-6.599962019723454,1.0,pearson,203.9578129453857,8245.73935176138
AMPL242368,True,0.0006942570770616,0.4665569486114246,-6.579521057446381,1.0,pearson,205.5796317168084,10508.24613488303
AMPL59786,True,0.0032228345844392,0.2456783959572418,-5.044346820381231,1.0,pearson,167.76155664191515,2135.9004120250047
AMPL253477,True,0.0015033272039086,0.366913328351547,-5.806927310806657,1.0,pearson,191.70378981132788,5615.068030315188
AMPL242370,True,0.0012001138201618,0.3179739936127312,-6.032191695991374,1.0,pearson,202.699896127087,7277.232299454356
AMPL257635,True,0.0007025331014727,0.6482395482106538,-6.567670857772328,1.0,pearson,199.55327742171983,11049.539995626708
AMPL257636,True,0.0006774906184024,0.5299069805766038,-6.603967672122771,1.0,pearson,205.3402474796736,11384.57869008997
AMPL250316,True,0.001621102442965,0.3239749103652455,-5.731501660278083,1.0,pearson,193.4202591410822,5714.216700302386
AMPL257637,True,0.0013275392581029,0.4326620167047609,-5.931281051766571,1.0,pearson,193.26716530104625,6866.900689018512
AMPL257638,True,0.0008803817507296,0.4451569855066503,-6.342007756352038,1.0,pearson,203.2836158453452,9172.550216868138
AMPL251225,True,8.784543413192146e-06,5.349420768412354,-10.949369630571582,1.0,pearson,424.1976044761221,49016.81536690071
AMPL250318,True,0.0001838836479904,0.6264096715955763,-7.908060167689683,1.0,pearson,219.8159422095021,17830.22601590916
AMPL257639,True,0.0012399682743221,0.4342116119206725,-5.999522304356627,1.0,pearson,195.4863357615927,7425.228179183538
AMPL251228,True,0.0012698767534469,0.3960509760122694,-5.975688247190799,1.0,pearson,198.2867448812919,7853.672175044612
AMPL249436,True,0.0001414315427816,1.3007521738209968,-8.170547573984761,1.0,pearson,227.78955900287377,22405.89284630229
AMPL13179,True,0.0009229872605541,0.5738381071173662,-6.294747945213288,1.0,pearson,200.85481564673643,9545.718767540737
AMPL253490,True,0.0008882482324946,0.7302907295005603,-6.333112132378877,1.0,pearson,193.3254966779393,9152.985145392871
AMPL253491,True,0.001256250995393,0.6224400765270818,-5.986476213244599,1.0,pearson,185.68198473778247,6930.256671662393
AMPL252829,True,0.0017796583524285,0.3600770532143649,-5.638186689378296,1.0,pearson,186.91756479551725,5023.406721053317
AMPL252830,True,0.0018865348750758,0.3730571053533448,-5.579866351515231,1.0,pearson,183.1841261669111,4738.758276820105
AMPL252831,True,0.0005356042885409,0.4399366608901939,-6.838967756634779,1.0,pearson,212.5163392705935,12556.93231784945
AMPL252832,True,0.0009736551996162,1.1383337227068704,-6.241306140936969,1.0,pearson,169.28128607632584,6476.247374479708
AMPL257645,True,0.001397495564373,0.4897444684177904,-5.87992634635288,1.0,pearson,185.57567494145988,5594.194944171743
AMPL252834,True,0.0006379296058026,0.5081060178854356,-6.664135435879565,1.0,pearson,208.5837972186697,12460.101845051446
AMPL252605,True,0.0004935005665558,1.0268700307651453,-6.920839370495325,1.0,pearson,200.27269178590183,14769.96383897209
AMPL250319,True,0.0005755090069247,0.5860365160615502,-6.767108498757098,1.0,pearson,207.21689438348,12743.914184870757
AMPL251230,False,9.687313178231626e-07,1.116403508491813e-19,-13.154131360732569,1.0,pearson,1090.6768209904365,370156.7444181133
AMPL250320,True,0.0003226482247389,0.7734161224351398,-7.345800735163803,1.0,pearson,211.5147199857069,17838.59906596686
AMPL250321,True,0.0008985351952089,0.7842698946530188,-6.321597500875061,1.0,pearson,188.6743177067673,8742.70625214697
AMPL257654,True,0.0004095119922883,0.7432413846633289,-7.107397189342473,1.0,pearson,211.76616113762745,16324.482310516554
AMPL251234,True,0.0004821148085946,2.3059783684709654,-6.944181099611925,1.0,pearson,213.81756482163732,12025.520313884906
AMPL257655,True,0.0007221039968931,0.7321980879919876,-6.540194208866009,1.0,pearson,194.1787696235775,9704.932268504332
AMPL251236,True,0.0005927789052028,0.6431865765496184,-6.73754188907107,1.0,pearson,203.34818074654936,12210.641610831342
AMPL251237,True,0.0024981225017437,0.3538212186061628,-5.299068647991794,1.0,pearson,170.34418428110132,3149.203410335755
AMPL251238,True,0.00025059368337,1.0784924932342832,-7.598530541285181,1.0,pearson,207.89141209882408,17207.845391490093
AMPL251239,True,0.0008515829102639,0.5014153778988423,-6.375266512383468,1.0,pearson,201.2967284775081,9587.40759288962
AMPL44548,True,0.0008283513110322,0.5519813895095546,-6.402926024317737,1.0,pearson,197.72911465993408,8813.498969012036
AMPL250326,True,0.0010715415510671,0.5006674347500072,-6.145509784831738,1.0,pearson,195.402506476356,7947.725316668785
AMPL117931,True,1.127020601475914e-05,2.654909698255869,-10.70020076959433,1.0,pearson,358.30499937633584,30405.9231084136
AMPL91658,True,0.0006496166457049,0.454365175893816,-6.645980964339362,1.0,pearson,209.98811125831912,11838.97437121191
AMPL253520,True,0.0005743587045932,0.5900443434834276,-6.7691092553722845,1.0,pearson,204.94831972277896,11648.850717889862
AMPL251243,True,0.0018081785567004,0.3256152978801471,-5.62228808209163,1.0,pearson,189.1515189903316,5014.806277863472
AMPL257659,True,0.0014849758326011,0.350290442808674,-5.819209600642643,1.0,pearson,193.84274481079743,5884.191199180364
AMPL257660,True,0.0006823236572916,0.5010291509495467,-6.596859261325047,1.0,pearson,207.1264337929118,11566.737336258137
AMPL113492,True,0.0009316982291496,0.4290019172474941,-6.285354403615533,1.0,pearson,204.1692053432489,9492.091005320684
AMPL253525,True,0.0005187799588401,0.520541818033662,-6.870883555546055,1.0,pearson,208.5660366227389,11952.582872113328
AMPL250327,True,0.0010590371679661,0.4663449684170834,-6.1572479351892095,1.0,pearson,198.40539759287503,8352.662887761498
AMPL93658,True,0.0011053222480573,0.3634333013344697,-6.1144711787662,1.0,pearson,202.2729989852563,7847.909634458897
AMPL251245,True,0.0020429220365493,0.3307358611040533,-5.500226944573142,1.0,pearson,182.08173268036532,3869.350893874496
AMPL253529,True,0.0003252358846048,0.6952300554252642,-7.337812659554957,1.0,pearson,208.9891041404221,14121.770147455249
AMPL250328,True,0.001121058274844,0.453360541901103,-6.100334970987498,1.0,pearson,198.98344189897125,8485.43226405944
AMPL250330,True,0.0016524802252671,0.5416698512414415,-5.712330772305501,1.0,pearson,176.10567023532067,4886.824195070087
AMPL257664,True,0.0009351943675607,0.4772714383225029,-6.281608989975521,1.0,pearson,201.9902051124405,10005.264173985428
AMPL251249,True,0.0013655695413473,0.374595107983188,-5.90303651040005,1.0,pearson,194.87263135746795,6339.499291897984
AMPL38584,True,0.0005591811918725,0.3915600556265663,-6.795889821040827,1.0,pearson,213.61093308553603,12543.159886063087
AMPL115373,True,0.0007943171593933,0.6014783617077845,-6.444880550834327,1.0,pearson,196.7963551220992,9134.787130853594
AMPL38586,True,0.0006199766658587,0.6033970465760793,-6.692681535785067,1.0,pearson,204.27869412141936,12086.00818282978
AMPL38587,True,0.0004166027516341,0.4625144431350498,-7.0902302436204,1.0,pearson,214.4223291996217,13742.264110920378
AMPL115376,True,0.0003180029202514,0.6784109277394009,-7.360302811485675,1.0,pearson,212.8091391462761,16629.39747620936
AMPL253539,True,0.0006625792584414,1.223964557595908,-6.626223191316442,1.0,pearson,194.87104767048595,11317.5484279719
AMPL253540,True,0.0007192604523653,0.5285836479534304,-6.544139842766279,1.0,pearson,203.1243552432273,10421.283587530124
AMPL253541,True,0.0008310439884865,0.5083396108688961,-6.399680649549689,1.0,pearson,201.20290556041596,9189.190132992188
AMPL248928,True,0.0015753357943809,0.3453974291754964,-5.760139646087524,1.0,pearson,192.3243430807401,5469.988543802755
AMPL248929,True,0.0019363203392063,0.2823870341124351,-5.553818658789454,1.0,pearson,190.1718819991358,4999.209218764578
AMPL235278,True,3.748599321306715e-06,4.043982685173618,-11.800981121514068,1.0,pearson,518.3597953364289,47451.43337169693
AMPL117568,True,0.000411956511279,0.3915079896166473,-7.101445588774059,1.0,pearson,213.12148798923167,11494.784895539577
AMPL250334,True,0.0021510193052458,0.352700086595412,-5.448666273167164,1.0,pearson,177.57473060972055,3432.92295224528
AMPL118221,True,0.0003061651209404,0.8368654593815857,-7.398238810073033,1.0,pearson,208.9744243062002,16162.777471033774
AMPL250335,True,0.0007845724469462,0.6097385434935227,-6.457224461571188,1.0,pearson,200.24921178769853,10156.197542145845
AMPL253549,True,0.0014561080397924,0.5131147034769484,-5.838840948246448,1.0,pearson,184.03145087861208,5593.002943541633
AMPL253550,True,0.0003728138815396,0.7264122883045913,-7.201284059396591,1.0,pearson,202.8145740207758,11915.373949039737
AMPL248935,True,0.0003119459650632,0.6101420213396483,-7.379533393493524,1.0,pearson,214.7354148154148,15365.696406707084
AMPL244869,True,0.0009264336884416,0.3397191482648437,-6.291020906348636,1.0,pearson,208.8538385173917,9886.116727124736
AMPL253553,True,0.0010424946158759,0.550391463737554,-6.172991588372067,1.0,pearson,194.5762422840424,8508.093641592517
AMPL249492,True,0.0008838290321538,0.4573531402142246,-6.3380997360122455,1.0,pearson,202.45575937141547,9111.70599519907
AMPL244872,True,0.0013953902716491,0.3519606977521223,-5.881433957652634,1.0,pearson,196.910359060828,6759.913112687526
AMPL244873,True,0.0003619507130567,0.5105299604109875,-7.230855326625016,1.0,pearson,212.99238182013,13558.307828519317
AMPL244874,True,0.0001757835314438,0.7260459495612407,-7.95311007433486,1.0,pearson,216.5227856114936,16730.660878758146
AMPL244875,True,0.0029498897814802,0.2292618839472013,-5.132840290978522,1.0,pearson,175.4758031245549,2735.114454434576
AMPL244876,True,0.0002221588879925,0.6174965481214345,-7.718970539853251,1.0,pearson,214.2887893290631,15740.604684510405
AMPL244877,True,0.0005867851264293,0.6666287888498906,-6.747704678373257,1.0,pearson,206.84608021203124,14331.590618470456
AMPL257667,True,0.0010045516489191,0.509446567788957,-6.210066776930979,1.0,pearson,198.2480250996936,9350.621370807465
AMPL250338,True,0.0014211790561529,0.4762167488015039,-5.86312125010053,1.0,pearson,186.43894432399236,5735.740889093121
AMPL250339,True,0.0010917017624575,0.3796198612496037,-6.126870369703753,1.0,pearson,204.33984650014187,9749.243925523777
AMPL257668,True,0.0006948503262603,0.5222763713716132,-6.578666912931211,1.0,pearson,207.5499802258713,12613.681774481627
AMPL250340,True,0.0001001014812098,6.281473898391688,-8.51617889389095,1.0,pearson,264.4607718610169,46457.06932529416
AMPL250341,True,0.0004498246557214,0.5616213375650075,-7.0135055245270905,1.0,pearson,210.83772484283537,13689.30312857129
AMPL160828,True,3.3983655927786536e-05,1.6737774295367402,-9.59648367637158,1.0,pearson,256.34843526620165,18333.52174474696
AMPL253568,True,0.0020703827443893,0.3105220554489224,-5.486874607565763,1.0,pearson,184.04460183737064,4031.833557793797
AMPL251263,True,0.0006916201303616,0.5097658971770289,-6.583326517075998,1.0,pearson,206.69095613636992,11359.452182074016
AMPL44712,True,0.0007468105933023,0.4345174538496085,-6.50655178091184,1.0,pearson,205.9456603362665,9700.332095554668
AMPL141884,True,0.0005325217273551,0.3682161141533581,-6.844739678108181,1.0,pearson,215.15135231673872,12161.807827622964
AMPL253572,True,0.0012651077201736,0.4732820932093788,-5.9794508255806464,1.0,pearson,190.65895266785725,6684.55498523653
AMPL253573,True,0.0008320515818505,0.5170211831042836,-6.398468941088299,1.0,pearson,200.68174046144537,9446.026826635172
AMPL253574,True,9.691942516962552e-05,1.032864885884457,-8.548483412451455,1.0,pearson,213.28615999628187,15321.55514739704
AMPL248950,True,3.703251729954159e-05,2.251516735148339,-9.51056700478552,1.0,pearson,237.8765024505518,15138.542281169772
AMPL41864,True,0.0005800957224984,0.4579702242048072,-6.759170248690847,1.0,pearson,207.00096062918024,10152.855823759654
AMPL253577,True,0.0008820870306796,0.3932059281072514,-6.34007265202553,1.0,pearson,204.4521828474393,8635.945813043698
AMPL250344,True,6.547768158697264e-05,1.521005534622584,-8.94065403195808,1.0,pearson,246.38932053975532,26716.4975292318
AMPL250345,True,0.0004827414532074,0.6868909221553618,-6.942882160638935,1.0,pearson,205.65665524887908,13879.39921332462
AMPL253580,True,0.0014315728732011,0.4418943716590541,-5.855834347280157,1.0,pearson,188.9824003883932,5901.627178061724
AMPL253581,True,0.0012392857165879,0.3655186109094407,-6.000072919786909,1.0,pearson,197.82249097314104,6454.307414823247
AMPL38486,True,0.0006586779655058,0.4132266076000524,-6.632128633803751,1.0,pearson,207.83496169942535,9608.9498274673
AMPL253583,True,0.0025872576553915,0.3492516630540618,-5.264009603969105,1.0,pearson,168.10181442298173,2423.59941401466
AMPL253584,True,0.0004654198244637,0.5864155927287118,-6.979423530830225,1.0,pearson,206.76227460996964,11901.294639322185
AMPL253585,True,0.0006529556569109,0.5355858639790577,-6.640854157154989,1.0,pearson,203.9459379584944,10769.597913442563
AMPL253586,True,0.0014499705563127,0.4398057556421356,-5.843064848187073,1.0,pearson,187.9192113229705,5618.87708280971
AMPL253587,True,0.0009818931795737,0.3568295350931879,-6.232880853404759,1.0,pearson,203.946263708382,7778.441047886165
AMPL253588,True,0.0002161718758247,0.7286621293149546,-7.74628956472789,1.0,pearson,211.36645873665373,14796.937300579391
AMPL253589,True,0.0004611784403731,0.6133712994342893,-6.988578336907896,1.0,pearson,208.12491767919175,13250.146360408356
AMPL51946,True,0.0008449178351495,0.6118618865443992,-6.383123991284285,1.0,pearson,198.3815028461616,9980.645836864953
AMPL257674,True,0.0005432398238425,0.5737051538798171,-6.824812490440292,1.0,pearson,207.23397016017896,12702.904114511552
AMPL251275,True,0.0008041969367078,0.6007342370375396,-6.432519192065787,1.0,pearson,202.6897155045426,11717.143199520184
AMPL250349,True,0.0019632768696086,0.3673767270779918,-5.539993148953088,1.0,pearson,180.49001177225625,3746.116104386422
AMPL250350,True,0.0004465516643148,0.5319876504714594,-7.020808274229915,1.0,pearson,210.64486001133477,12888.223710953163
AMPL251278,True,0.0001831092785388,0.687881238027767,-7.91228025230102,1.0,pearson,218.33008381930625,18051.184621889603
AMPL257675,True,0.0014711030673764,0.6829629976392254,-5.828595593059943,1.0,pearson,172.8642301982513,4919.304163903903
AMPL257676,True,0.0021113491318015,0.6330229284037819,-5.467280956304554,1.0,pearson,156.15269162209785,2549.9019924779977
AMPL250352,True,0.0001114823112256,0.783717012205098,-8.408497442805745,1.0,pearson,224.64379787405855,17542.38001445616
AMPL251281,True,0.0009945538411686,0.9052465459890608,-6.220069141642939,1.0,pearson,179.4060107935151,6660.471939246368
AMPL250353,True,5.982212289074229e-06,6.961012850216245,-11.333572929849955,1.0,pearson,478.0293455783604,71786.14219711155
AMPL115769,True,0.0001427333279162,1.1602182403157542,-8.16138532786922,1.0,pearson,226.4984908896616,21556.83729797132
AMPL251284,True,0.0017985700374879,0.3137105496581714,-5.627616172859553,1.0,pearson,190.50945377112308,5246.675291513621
AMPL251285,True,0.0004348243741107,1.1412619558178063,-7.047421165516161,1.0,pearson,207.41853359425625,16572.374018903956
AMPL251286,True,0.0003696004764319,1.2442203179920173,-7.209940748590118,1.0,pearson,188.69470516209847,12363.391289200015
AMPL250355,True,0.0007758657659367,0.575025696827992,-6.468383854224438,1.0,pearson,202.5206399302473,11049.58680245943
AMPL250357,True,0.000761585088621,0.5498534990609057,-6.486961473135341,1.0,pearson,199.62250909961185,9041.615714318874
AMPL257678,True,0.0009892089081134,0.3463624528643351,-6.2254578364261794,1.0,pearson,205.65046061583945,8473.08360346847
AMPL244879,True,0.0001152811438391,3.6205537080254495,-8.37498950349333,1.0,pearson,249.325445882686,32200.6646448511
AMPL253609,True,0.0004767836335519,0.6198573213192647,-6.955300587846448,1.0,pearson,205.208804358761,11852.940273924058
AMPL253610,True,0.0011245093842788,0.4405257671156403,-6.097261260749543,1.0,pearson,198.371808503761,8669.711409363477
AMPL244662,True,0.0003570361974452,2.17086068236004,-7.244526207360478,1.0,pearson,204.056063508513,17756.665232165782
AMPL244663,True,0.0001216265907406,1.3530471345247714,-8.321407757923513,1.0,pearson,224.47778492014575,20794.279279320985
AMPL244664,True,1.483457359798578e-05,3.786925245659732,-10.42540286704829,1.0,pearson,332.65560371398726,26649.430315601214
AMPL244665,True,5.823327118882933e-05,1.35491132439239,-9.057906516096777,1.0,pearson,252.7857883869448,23809.13925739772
AMPL244666,True,2.545575153666366e-05,1.6865296426165044,-9.88542166635843,1.0,pearson,295.4434135674876,26722.44022530441
AMPL244667,True,0.0020626900831191,0.3356360736949618,-5.490597101929767,1.0,pearson,182.0360902158482,3935.01991167012
AMPL244668,True,0.0001537941655453,0.7612299686279895,-8.08674825638846,1.0,pearson,222.135877285442,18853.429341874853
AMPL244669,True,6.837434334499674e-06,4.57384958197082,-11.199950813431826,1.0,pearson,444.03212854769816,46571.9287419295
AMPL244670,True,0.0005981553981924,0.3849759594822787,-6.72851279401427,1.0,pearson,213.42845545348203,11746.744944003662
AMPL254204,True,0.0003388495216927,0.5431853414199261,-7.296807257383596,1.0,pearson,212.18664414254047,13089.311922585182
AMPL250358,True,0.0009689822931479,0.356039916121817,-6.246117039005691,1.0,pearson,204.95037276097057,8110.087926055193
AMPL250359,True,0.0010508210155147,0.385791395278363,-6.165036320254755,1.0,pearson,202.91148707039147,8499.076571553032
AMPL253619,True,0.0007059597349232,0.496064197930751,-6.562805174224119,1.0,pearson,207.9982287967682,11519.474592796032
AMPL257680,True,1.5624936427127353e-05,2.62634884490694,-10.37349525045399,1.0,pearson,329.7890347391542,31192.21461547831
AMPL250361,True,0.0019657541953679,0.7880071222770662,-5.538732112302283,1.0,pearson,150.60717920464853,2777.218863547441
AMPL257681,True,0.0018497301634076,0.3255538694318352,-5.599568327587678,1.0,pearson,189.03540853102743,5518.011288091899
AMPL250363,True,0.0004738781220373,0.6108860834112443,-6.961413215275492,1.0,pearson,210.83478909523944,14925.35643624435
AMPL253624,True,0.0006135862105559,0.5097663520091137,-6.703042600622068,1.0,pearson,209.5169850116928,12676.857335678444
AMPL124269,True,3.577196283475338e-05,2.340039192945247,-9.5451989518689,1.0,pearson,287.7243754255866,35722.291594888105
AMPL113643,True,0.0001410460841847,0.8776256381580979,-8.173276702236196,1.0,pearson,219.48205683887136,17736.427955702078
AMPL3836,True,7.317879682673828e-05,1.9384396447552608,-8.829457659233775,1.0,pearson,248.50190388933444,30635.77573421916
AMPL253628,True,0.0009537914567563,0.4135429534658292,-6.261918328640109,1.0,pearson,202.8608989096824,8680.717736845798
AMPL248970,True,0.0005880903964276,0.6817167643939227,-6.745482705900562,1.0,pearson,202.63649678285705,11909.64103721041
AMPL250364,True,0.0009621517427711,0.3182824061006258,-6.253191202409374,1.0,pearson,208.7401259565768,9294.923195037369
AMPL251297,True,1.095024284276194e-05,3.3111373782250038,-10.729001743966553,1.0,pearson,386.9795149436586,46027.55358858886
AMPL251298,True,0.0008497394583272,0.4309426920138384,-6.377433594521745,1.0,pearson,204.5595154442208,9516.395462285736
AMPL125238,True,0.0004560885812281,0.6820572380518991,-6.99967632967622,1.0,pearson,208.57347644977528,14636.766298685405
AMPL250366,True,0.0007701709292412,0.4564779635687732,-6.4757509011643135,1.0,pearson,206.7135018449856,11080.046627153652
AMPL253635,True,2.11206977710883e-05,2.542320353237736,-10.072109880708222,1.0,pearson,304.38508877771744,31235.69560304172
AMPL253636,True,0.0007964418854183,0.586686248633525,-6.442209213153892,1.0,pearson,199.69153042306195,10348.341828314457
AMPL257683,True,0.0007452402006997,0.5522181206852663,-6.508656793943287,1.0,pearson,201.1545081903028,9538.01504219946
AMPL115788,True,7.575031885885933e-05,0.7462501550919963,-8.79492072366583,1.0,pearson,229.38296403454865,16580.641612545416
AMPL113790,True,0.0006776019069839,0.4929983727738957,-6.60380341974935,1.0,pearson,207.82540685418743,11586.582898259534
AMPL115428,True,0.0020317024449495,0.3617629717557257,-5.5057340140006295,1.0,pearson,179.04557376832165,3519.3621374006434
AMPL253641,True,0.0004965921065243,0.3595443236983155,-6.914594399494226,1.0,pearson,214.1775064204994,11830.649204657342
AMPL172761,True,0.0013443319384549,0.3691301641951204,-5.91871090879821,1.0,pearson,197.41068485538116,7289.95406081934
AMPL115316,True,0.0011875872587837,0.2888329089080668,-6.042684363114077,1.0,pearson,204.86857787014165,7404.132834911723
AMPL2967,True,0.0003377866671682,0.6854064736232526,-7.299948843412118,1.0,pearson,212.2482634256,16080.494987281148
AMPL9336,True,0.0001645206006631,0.7912938151108145,-8.01932758304487,1.0,pearson,218.6917558088267,17308.258766342627
AMPL591,True,0.0001898547998855,0.7218318657911669,-7.876103808530839,1.0,pearson,217.0626744465815,17008.94228515236
AMPL257685,True,4.543184794088047e-05,0.8147702333213459,-9.30615002179552,1.0,pearson,241.32308006015444,15801.127356832718
AMPL251306,True,0.0002869015083944,0.821406051297337,-7.463224396869223,1.0,pearson,212.833875933243,15925.11024733633
AMPL257686,True,0.0002469669297677,0.97225243965112,-7.61310893732008,1.0,pearson,214.671690562773,18619.15584044547
AMPL253650,True,0.001979450092197,0.3789446177504401,-5.531789023503839,1.0,pearson,178.92218143275014,3676.103465559743
AMPL257687,True,0.0007991604228247,0.5540089983023664,-6.43880167228626,1.0,pearson,201.934040725242,10321.915996266374
AMPL257688,True,0.0007526951666122,0.4066400547552767,-6.49870305678447,1.0,pearson,208.87631330348185,10719.945848455896
AMPL257689,True,0.001248593296489,0.3074726075464334,-5.992590543612967,1.0,pearson,203.32432898792484,7630.998267047491
AMPL253654,True,0.0003337672051286,0.6767091230215059,-7.311919618071307,1.0,pearson,210.0485251886913,14671.56632419504
AMPL120246,True,0.0006579975810873,0.6000476000781252,-6.633162122244767,1.0,pearson,202.2935124635445,10739.205150754124
AMPL253656,True,0.0005000504500346,0.5873794047833725,-6.907654384002952,1.0,pearson,206.01113728675097,11833.63824807869
AMPL209823,True,0.0005376704727929,0.5484165574866984,-6.835117509002229,1.0,pearson,209.42237249870877,12973.988533924708
AMPL257692,True,0.0005288958365692,0.7224214037100707,-6.851571871230867,1.0,pearson,202.77576386523089,12268.609376140836
AMPL115816,True,0.0009526758500318,0.3517760186624131,-6.263088667987536,1.0,pearson,208.3530344145822,9849.91497418141
AMPL257693,True,3.499889173074811e-05,4.773376710959043,-9.567046981252023,1.0,pearson,313.1945228326033,49082.563189409055
AMPL252694,True,0.001116948952789,0.4314298986985974,-6.104007279657815,1.0,pearson,196.86221285925103,7191.980496651547
AMPL252695,True,0.0016111920287323,0.2825765090732579,-5.737633802862689,1.0,pearson,195.55568447804723,5373.754598020952
AMPL248996,True,0.0006322047846082,0.4942204544930593,-6.67315000946385,1.0,pearson,199.7124410772909,7405.646732329564
AMPL250376,True,0.0025390000693684,0.3286356095954701,-5.282837768378473,1.0,pearson,170.73689271443592,2463.9838477337785
AMPL252698,True,0.0005878228516809,0.4802633277676189,-6.745937747548955,1.0,pearson,208.230960894674,11834.662700095034
AMPL257694,True,0.0004380435620344,0.7050627079558335,-7.040045015273824,1.0,pearson,206.22407555095268,14405.40717373154
AMPL257695,True,0.0006734705009124,0.4695795371870335,-6.609919182197718,1.0,pearson,209.03917302283116,11983.362134314248
AMPL250379,True,0.0002241036123937,0.7266371724706019,-7.710254877165566,1.0,pearson,218.3097551163138,17969.692970499742
AMPL251314,True,0.0004898645973495,0.789650643157029,-6.928234356426119,1.0,pearson,204.57176699949463,14096.672851941235
AMPL251315,True,0.0009556679978486,0.3067674273678802,-6.259952807254556,1.0,pearson,208.9591629150477,8856.05343947585
AMPL251316,True,0.0004702355230399,0.3566204784695806,-6.969129695364445,1.0,pearson,215.44672581042636,12735.180401139389
AMPL253672,True,6.421702098870308e-05,2.1470071079335296,-8.960095077413058,1.0,pearson,221.3443371434584,18139.94054818013
AMPL253673,False,1.451290553021306e-05,1.5216169403123185e-33,-10.447325087259063,1.0,pearson,526.2452263427202,277442.387751374
AMPL253674,True,0.000628775675195,0.4049611314634352,-6.678588821523866,1.0,pearson,213.77435359694124,13174.583919515151
AMPL250381,True,0.0002215906653284,0.6213749453540548,-7.721531547387316,1.0,pearson,207.8203103824563,12262.290043690746
AMPL249606,True,0.0015226207549477,0.3387977900519529,-5.794175067370841,1.0,pearson,192.5349118562666,4898.242152692779
AMPL249000,True,0.0006958945572697,0.4113811626575218,-6.577165226722503,1.0,pearson,211.1211836447429,11613.495986092365
AMPL257699,True,0.0002732425206974,0.6927991575452923,-7.512003622369303,1.0,pearson,214.29478575816972,16005.383908302529
AMPL253679,True,0.0007806420445825,0.4923746642652304,-6.462246662229528,1.0,pearson,203.3697839829849,9839.104487210692
AMPL249003,True,0.0005980711333367,0.5804649963388965,-6.72865367845976,1.0,pearson,207.05277696263724,12822.49778892678
AMPL253681,True,0.0001299718207132,1.4754041005941585,-8.255045714189375,1.0,pearson,223.5159428327904,25284.44061199265
AMPL250383,True,0.0006579055307262,0.9035980004393492,-6.633302026711007,1.0,pearson,196.4244063476644,12271.483546261128
AMPL257559,True,0.0019351086437556,1.2069688939423144,-5.554444626872845,1.0,pearson,137.08056964735383,2102.7230856183983
AMPL257560,True,6.837979960532255e-05,3.90008688636398,-8.897285923801116,1.0,pearson,271.1844963352093,40551.339054024735
AMPL257561,True,2.925029729324076e-05,2.2228259576213154,-9.746473639906636,1.0,pearson,299.5717164044212,30565.095580084857
AMPL167407,True,0.0004936915667786,0.5911447519452337,-6.920452413957183,1.0,pearson,206.5249737254607,12130.86044486728
AMPL167408,True,0.0016688389847677,0.547631593381834,-5.702479932472045,1.0,pearson,177.03388997493818,4952.217247091208
AMPL167409,True,0.0011751059288295,0.3711017602883484,-6.0532498026941655,1.0,pearson,203.1410028974965,9265.254285780233
AMPL244732,True,9.980983276320572e-05,1.097184975508471,-8.519096674258728,1.0,pearson,228.6950518679452,21011.196910006907
AMPL254272,True,0.0005160140254607,0.6974048398874956,-6.876229431166642,1.0,pearson,203.1756447866958,12347.755518188316
AMPL84671,True,0.000397954453343,0.5781108929503812,-7.136025817505109,1.0,pearson,212.14424815566196,14576.514063454671
AMPL84512,True,0.0010103966210141,0.5664682326295648,-6.20426515057976,1.0,pearson,194.110376216418,8309.602941621786
AMPL244736,True,0.0007942507325991,0.5040817545494272,-6.444964181876582,1.0,pearson,203.47706904535093,9995.32882195833
AMPL244737,True,0.0003379317474844,0.7349453663114899,-7.299519432831493,1.0,pearson,209.89276605223552,15563.562666986209
AMPL244738,True,0.0007463461044499,0.53448915194479,-6.5071739378069005,1.0,pearson,202.138384099996,9623.370585465316
AMPL244739,True,0.0018123002437425,0.3295190771281978,-5.620011207098023,1.0,pearson,187.51319323906336,4389.535502530983
AMPL244740,True,0.0003188859313805,0.7954476463426933,-7.357529920446213,1.0,pearson,208.74863514948757,15330.477269958674
AMPL244741,True,0.0024916075787189,0.4587372904849694,-5.301679982321261,1.0,pearson,159.61781079942816,2305.9516665151905
AMPL253689,True,0.000200524765018,2.1628704391730587,-7.821425621985466,1.0,pearson,212.10356185438863,24406.45544283088
AMPL253690,True,0.0002896771459882,0.8120095411029757,-7.453596364286837,1.0,pearson,215.70540052225823,18612.89758503212
AMPL253691,True,5.115657731324256e-06,7.317606555859532,-11.490057397543366,1.0,pearson,550.2333574510278,94037.2173437976
AMPL44652,True,0.0003636519429275,0.6115820022456119,-7.226166167967723,1.0,pearson,209.24870129784668,13456.130733737717
AMPL44653,True,0.0009279247604112,0.380597566561026,-6.28941272504806,1.0,pearson,205.73919233235645,9163.010850401355
AMPL44654,True,0.0008243659074064,0.3911076966670641,-6.407748883674873,1.0,pearson,207.2851261396374,9973.512930014462
AMPL44655,True,0.0002595606761285,0.9350480347202028,-7.56337288275191,1.0,pearson,210.80098762219885,17840.051439568793
AMPL138094,True,0.0047711090173873,0.4363461861185089,-4.652029322141441,1.0,pearson,117.71336991896244,391.32331586680135
AMPL138095,True,0.0024299149569971,0.2318268652543093,-5.326751838802654,1.0,pearson,185.2961024208039,3599.491979192196
AMPL138096,True,0.000684978004992,0.6737182444150795,-6.592976649158338,1.0,pearson,198.85954248442877,10787.31324556203
AMPL138097,True,0.0013406650926672,0.4425122668111102,-5.921442269782828,1.0,pearson,192.45451657738025,6896.436026827757
AMPL44659,True,0.0001651496585312,1.0807594701893948,-8.015511293197704,1.0,pearson,220.63974640298784,21334.29249719221
AMPL138099,True,0.0006994556906466,0.496339340775569,-6.572060929627264,1.0,pearson,206.6369537052576,11057.054045044137
AMPL146646,True,0.0008610423322947,0.4373935496483572,-6.364219707756916,1.0,pearson,205.08291290680825,9948.056746193031
AMPL253703,True,2.473532570701326e-07,4.973168096747084e-05,-14.5193011509396,1.0,pearson,2183.4174933759523,1307041.3599785925
AMPL249649,True,0.0002619146817398,1.13831917344213,-7.554344568890525,1.0,pearson,215.05171312241004,18218.256811540185
AMPL146649,True,0.0001371964884249,1.8657862097346736,-8.200949257010311,1.0,pearson,233.45742876356064,27688.234579776432
AMPL250389,True,0.0003098326643003,0.8008229888040147,-7.386331018245222,1.0,pearson,212.0932461073978,17029.912627077305
AMPL250391,True,2.0854090467182695e-07,73.44829736302613,-14.689983448913075,1.0,pearson,1999.5950324711955,601785.0157343994
AMPL250393,True,0.001248167427546,0.538424990303152,-5.9929316807856186,1.0,pearson,188.9625088448406,6670.056120553523
AMPL257708,True,0.0002692657497962,0.6840915022329702,-7.526664568013592,1.0,pearson,216.916529106162,17915.32480861071
AMPL253710,True,0.0017525119828882,0.422957451640325,-5.653557920922269,1.0,pearson,182.66155179642584,5028.081500262172
AMPL117734,True,0.00054492665807,0.4773123940412774,-6.821712164145287,1.0,pearson,212.5561257026701,13149.817136755368
AMPL253712,True,0.0007206639556708,0.5526994460486111,-6.542190429669139,1.0,pearson,205.66953921831745,11932.466218039508
AMPL250394,True,0.0004119961124512,0.642560206567599,-7.101349463897345,1.0,pearson,209.59613524253623,14510.33612588348
AMPL250395,True,0.0016786698020549,0.5478657137114041,-5.696606403125024,1.0,pearson,175.24566492797902,4691.380428821516
AMPL251331,True,0.0010428336964267,0.774948552252459,-6.172666382454408,1.0,pearson,184.07547345124897,7554.932476554103
AMPL250396,True,0.0002138933428369,1.1437500929820177,-7.756885884582175,1.0,pearson,217.63065782508377,20707.921855701254
AMPL250397,True,0.0001043550724499,7.393296207912801,-8.474564135096218,1.0,pearson,285.1526453743995,50285.07663162366
AMPL253718,True,0.0021823931628688,0.3808781536976796,-5.434186042609757,1.0,pearson,175.12746473805106,3791.569417043645
AMPL251334,True,0.0004679865996642,0.4058985792394523,-6.973923715092761,1.0,pearson,214.2129374339918,12534.997822505831
AMPL250399,True,0.0003994354640618,0.4751337911818636,-7.132311167019969,1.0,pearson,213.55944754131448,13747.75855166115
AMPL249040,True,0.000563765404396,0.4592031976880238,-6.787725162089634,1.0,pearson,206.8795876063312,10533.5396978414
AMPL253722,True,0.0012633691459192,0.4927603490730967,-5.980826020704421,1.0,pearson,190.59893151321177,6942.158079567692
AMPL257713,True,9.033199254022974e-06,3.566858167331376,-10.921456781025022,1.0,pearson,404.4201958798739,43496.67355090558
AMPL257714,True,0.0033097820252031,0.4321636686101129,-5.0177257646146,1.0,pearson,143.65245728812948,1412.0254764977544
AMPL242511,True,0.0007610584288066,1.0915813914934795,-6.487653243506177,1.0,pearson,183.052560570273,9767.875113438706
AMPL242512,True,0.000914342176936,1.199774300643922,-6.30415850299492,1.0,pearson,167.1308227467526,7516.706894077729
AMPL176028,True,0.0002554731678166,1.5578926891370537,-7.579245991605446,1.0,pearson,208.45373235947548,20346.37416065897
AMPL250404,True,0.0013040046918287,0.4748893034535193,-5.949168036896023,1.0,pearson,192.44399565294967,7424.250355847265
AMPL250405,True,0.000331477211959,0.5294955780918614,-7.3188043123461854,1.0,pearson,213.1432070362444,14068.653467117874
AMPL249045,True,0.0003744349971526,0.8656995214651041,-7.196945161868676,1.0,pearson,208.3025278437284,16076.725109771283
AMPL257717,True,0.0008268351846539,0.6019849491540018,-6.404757995284465,1.0,pearson,199.37806804165905,10328.490141572518
AMPL257718,True,0.0013654504868932,0.2761527503481306,-5.903123697204188,1.0,pearson,202.59313582972848,6820.093886079852
AMPL146662,True,0.0004111179137499,1.0163104650076815,-7.103483309285845,1.0,pearson,204.46535143119195,16771.210431984116
AMPL250407,True,9.201556493812916e-05,1.0258562134535198,-8.600405630555207,1.0,pearson,231.4588849855848,19746.28084053721
AMPL250408,True,0.0002006032601409,0.8632551022282074,-7.82103425005982,1.0,pearson,215.39024732751065,17480.208560394483
AMPL250409,True,0.0001630948714634,0.8415296233632815,-8.028031312395356,1.0,pearson,216.2521406922237,17238.624460775358
AMPL251348,True,0.0010703690947999,0.4081054298788188,-6.146604561018232,1.0,pearson,201.43961545514148,8281.587167941254
AMPL250410,True,0.0005238819736503,0.8313277943498578,-6.861096959579101,1.0,pearson,202.39437807694063,13293.047545980911
AMPL250411,True,0.0072899468865682,0.5658200621159761,-4.228111838221277,1.0,pearson,78.4038999268838,77.82995256411877
AMPL250412,True,0.0005550354525432,0.7899048412614383,-6.803331387241757,1.0,pearson,202.0352362604622,13636.632429971403
AMPL257719,True,0.0007587159628771,0.6457114822383979,-6.490735895506764,1.0,pearson,198.4089216195577,10579.701417761951
AMPL251353,True,0.0001411842637306,1.578001255857833,-8.172297505222431,1.0,pearson,217.59330777288795,24049.18080472143
AMPL250413,True,0.0004299402354048,0.616098440058714,-7.058717165806836,1.0,pearson,208.8412400309357,13462.260510122418
AMPL257721,True,0.0006052858198399,0.7337021431413727,-6.716662601445674,1.0,pearson,198.683977619279,11621.079380890002
AMPL233967,True,0.0006075090664454,1.0611621141923782,-6.712996278110968,1.0,pearson,195.49997084292733,13558.25058398042
AMPL253746,True,0.0001044980240076,2.3106529598302576,-8.473195215195677,1.0,pearson,250.0054723517597,32369.128596700804
AMPL250415,True,0.0005134950471949,1.930909383083244,-6.881122993272125,1.0,pearson,190.81745674090783,14202.43890670085
AMPL253748,True,0.000553647265574,0.6312121910598861,-6.805835598179616,1.0,pearson,208.0309828219863,13700.774747520414
AMPL257723,True,0.0005006379305795,0.437840596744251,-6.90648023104222,1.0,pearson,212.8629298823516,12926.517676836547
AMPL257724,True,0.0015932727423339,0.3697365121691625,-5.748817869133895,1.0,pearson,190.88610207277657,6046.127662144812
AMPL250418,True,0.001152988107309,0.460985795425898,-6.072251171751303,1.0,pearson,195.0512261985493,7347.889903133058
AMPL250419,True,0.000715935095219,0.6565702732052706,-6.548773863687966,1.0,pearson,197.54795720619103,9952.53050479874
AMPL250420,True,1.6586618170697872e-06,1.6198418774374298e-05,-12.616352234432163,1.0,pearson,788.2150186754515,129523.14936152277
AMPL253754,True,0.0007705940264644,0.3620334909736628,-6.475201697040331,1.0,pearson,209.79684295954823,10208.729569674872
AMPL249051,True,0.0007535276455002,0.4599475151117427,-6.497597670561259,1.0,pearson,204.716084791874,9627.522417572294
AMPL113384,True,8.983267131759966e-05,1.0772344103083893,-8.62441464512791,1.0,pearson,231.1237861704919,23389.95201330133
AMPL251363,True,0.0018299381113162,0.2801348861292149,-5.610325951093579,1.0,pearson,192.6124178082917,5144.641822856579
AMPL250422,True,4.017958150037319e-05,2.5783519411008764,-9.429004433692162,1.0,pearson,284.08132201353743,31017.32290118852
AMPL166074,True,0.0006056427717525,0.7561161564687958,-6.716073050706778,1.0,pearson,204.73777933633244,12595.508524611185
AMPL171265,True,0.0003326932193635,1.0369502551444756,-7.315142575220235,1.0,pearson,208.2459277012051,16859.96025882712
AMPL253761,True,0.0001749757006261,1.2057895333915876,-7.957716266686795,1.0,pearson,217.8024374513922,17675.727686098533
AMPL43318,True,0.0004802313295312,0.9288715341982448,-6.948095453072961,1.0,pearson,203.84422324112165,13951.376036549898
AMPL253763,True,0.0001772917359467,1.088461504969092,-7.944566775975823,1.0,pearson,222.25743008686155,17887.288176356462
AMPL253764,True,0.0004138463720902,1.3569615779971391,-7.096868554354601,1.0,pearson,200.1862687570234,14472.180725543163
AMPL253765,True,0.0001806815758673,1.4151934363089542,-7.925627144786471,1.0,pearson,218.31216366648204,21241.275005529937
AMPL253766,True,0.0004376166585813,0.9765614132210184,-7.041020058964915,1.0,pearson,208.2166245983795,15170.158240973426
AMPL250429,True,0.0002571496691255,1.0606402095199516,-7.572705091882334,1.0,pearson,216.12035250054896,17264.307638965824
AMPL253768,True,0.0005084087931981,0.6234247732162989,-6.891077542412182,1.0,pearson,210.1565058935628,12567.686835360231
AMPL257733,True,0.0026351605503126,0.7340236169688321,-5.245663988375106,1.0,pearson,137.73494730382413,1683.3782614056836
AMPL251370,True,0.00056061100221,1.867189430180172,-6.79333611309013,1.0,pearson,185.09332689676447,11563.593755606156
AMPL250431,True,0.0001017491530568,1.5265233700292358,-8.499852876882033,1.0,pearson,240.32596008153573,23046.661286410726
AMPL249062,True,0.0034870833574845,0.6102166359475233,-4.965542425799451,1.0,pearson,126.47982401728405,881.4831072535159
AMPL253773,True,0.0019458904063201,0.4750498422283489,-5.548888433654248,1.0,pearson,175.7077039063956,3845.531626428835
AMPL181095,True,0.0007810869103292,0.6950361751457477,-6.461676952924631,1.0,pearson,198.77434461474132,9359.99346838801
AMPL257734,True,0.0005376172430018,0.7603210006516444,-6.8352165146736,1.0,pearson,206.1361703624957,13499.26893578147
AMPL250434,True,0.0006599037246578,0.8477753469566001,-6.6302694247546965,1.0,pearson,200.57444215197663,12512.140033233776
AMPL250435,True,7.834322444880597e-05,2.287551957545355,-8.761263890340384,1.0,pearson,256.000760307988,28008.196881321237
AMPL251376,True,0.0001050557808021,1.7473519044451131,-8.467871922572773,1.0,pearson,243.35216813400476,24395.12398097349
