amplicon,converged,amplicon_factor,alpha,beta_zero,beta_one,method,mean,variance,gene
AMPL112922,True,0.0008255992755703779,0.45635095451632013,-6.4062538601357755,1.0,pearson,156.43462848444585,4220.208431255163,NRAS
AMPL113204,True,1.4371457020980759e-05,1.7712072798665552,-10.457119289204856,1.0,pearson,260.98185890974094,8800.3875181942,CDKN2A
AMPL113384,True,3.843488541833358e-05,0.8687532091314469,-9.473397855788019,1.0,pearson,192.152754447156,6482.347348548461,EP300
AMPL113442,True,0.00024078432403909253,0.6864261254583288,-7.638461765594157,1.0,pearson,160.24596980174258,5997.9072617494,BRAF
AMPL113492,True,0.0006814220015918404,0.49464623286938575,-6.5981815838935685,1.0,pearson,158.3974418516568,4530.496451253794,ATM
AMPL113643,True,0.0007812514653997513,2.664675373785766,-6.461466300643795,1.0,pearson,132.78131697370546,5666.37748859248,CREBBP
AMPL113790,True,0.0013337791295640333,0.4892050297053955,-5.926591734678946,1.0,pearson,150.45244435956016,3084.168700374353,TP53
AMPL115238,True,0.0006302812429604338,0.6559430484731624,-6.676197240235838,1.0,pearson,153.08471460599057,4976.791930933953,ARID1A
AMPL115316,True,0.002603155647408209,0.7592132881814785,-5.257883678804348,1.0,pearson,117.65647663452229,1504.7297493791402,TP53
AMPL115373,True,0.0005815090557501317,0.7442141491468847,-6.756736832479798,1.0,pearson,153.31803034133765,5414.438275517238,KRAS
AMPL115376,True,0.0001824272813557974,0.5340093846832331,-7.916011742111793,1.0,pearson,162.8896204827629,5572.068899802475,KRAS
AMPL115428,True,0.0008330207764848215,0.4100093488059236,-6.397304793790037,1.0,pearson,157.40478032538851,3479.0587108710097,TP53
AMPL115555,True,0.00032402988668929765,0.6295078164996075,-7.3415276229979085,1.0,pearson,158.6183436356064,5737.218614479189,APC
AMPL115655,True,0.0004248518849856499,0.8870064282133296,-7.07062277513833,1.0,pearson,152.14994883146974,5541.861800841102,CDKN2A
AMPL115656,True,0.0005825937473860491,1.1455229779973426,-6.754873265195341,1.0,pearson,153.87784047465072,5675.097003769589,CDKN2A
AMPL115657,True,3.2702254417806436e-05,2.9624555990958017,-9.634919359436978,1.0,pearson,221.68892468449818,14063.639339210302,CDKN2A
AMPL115660,True,0.0004355170665746835,4.028663724095093,-7.045829393418807,1.0,pearson,181.21315373391235,5237.976016909404,CDKN2A
AMPL115769,True,0.00011634971840691572,2.063105997656672,-8.365762907883145,1.0,pearson,185.38253584043898,8807.697492076439,AKT1
AMPL115788,True,0.00010940629174779667,0.6935867948600141,-8.427294977664346,1.0,pearson,167.67456481617856,5812.830837790939,TP53
AMPL115816,True,0.0009398019580443912,0.47444441364791845,-6.2766942072685445,1.0,pearson,153.05747565471088,3617.837945867525,ERBB2
AMPL117568,True,0.00048680241005262894,0.5186624052350683,-6.934505065496661,1.0,pearson,156.79811296676468,4014.4879224845376,KMT2D
AMPL117734,True,0.0005219013262974541,0.5572208391316796,-6.864884837471633,1.0,pearson,158.414872101383,4691.245868506987,SMARCA4
AMPL117931,True,8.281624269575579e-06,3.198168746856295,-11.008324260422414,1.0,pearson,324.3528093070473,14359.355860752765,ATM
AMPL118221,True,0.0001941374537934882,0.9369096358301767,-7.853796944517431,1.0,pearson,162.17368596272402,5613.700279468387,KMT2D
AMPL11982,True,0.001651775198747814,0.356572803320543,-5.712757510822711,1.0,pearson,150.4896034914027,2133.9902307544726,FGFR1
AMPL119939,True,9.544524288165524e-05,0.42175601516485073,-8.563810667325745,1.0,pearson,165.86703258671275,4980.483076175494,MAP3K1
AMPL119983,True,0.0005032861134820904,0.40877704251709135,-6.901204554938295,1.0,pearson,159.59366427967916,4354.444187416034,ARID1B
AMPL120016,True,0.0011262510921168875,0.5326593659464771,-6.095713598789121,1.0,pearson,151.26426466747859,3734.7950008403077,PTPRD
AMPL120246,True,0.00042152531568336347,0.7187415951900601,-7.0784835408327575,1.0,pearson,155.73700702077866,5518.048144994941,NF1
AMPL121280,True,0.0004391266626211653,1.1354581264394086,-7.037575480611636,1.0,pearson,157.95804810911315,5248.7281208068525,DNMT3A
AMPL121707,True,0.00041219864182149885,0.6265740709713454,-7.100858003903668,1.0,pearson,157.1624189316996,5840.571849888253,BAP1
AMPL122652,True,0.0004366579088687927,0.3389742967984604,-7.043213306104032,1.0,pearson,159.91909420149057,3983.7318628421835,KMT2C
AMPL124269,True,1.1799946382616842e-05,4.0348596447945475,-10.654268389789063,1.0,pearson,306.80004297461784,15261.015591330442,CREBBP
AMPL125238,True,0.0003488769372814822,0.7700746391802205,-7.2676441326245795,1.0,pearson,157.95847429193458,6038.720544861476,CTCF
AMPL126740,True,0.00030381478391830474,0.7935752129505763,-7.405945125101119,1.0,pearson,160.17307752125083,5196.645434718096,MYC
AMPL128656,True,2.5309179401734017e-06,8.92459259456472,-12.193781318266034,1.0,pearson,567.7898917082026,33347.21038484901,NOTCH1
AMPL13179,True,0.0008850843845831807,0.3931314879527124,-6.3366803871304,1.0,pearson,156.47549051438176,3173.2033054992976,MEN1
AMPL138094,True,0.007456628616254618,0.26542912791487916,-4.205504714472814,1.0,pearson,96.92766325766472,181.50560940031613,SMAD4
AMPL138095,True,0.0007918107301672204,0.30320569097981587,-6.4480409912110614,1.0,pearson,160.06653832370606,3244.03563137084,SMAD4
AMPL138096,True,0.00038278258467366064,0.9173251318937826,-7.174896213443353,1.0,pearson,153.94223843094582,6776.907555768874,SMAD4
AMPL138097,True,0.00029725296523854693,0.9405458894111951,-7.427779866311967,1.0,pearson,157.09386264238816,6794.349958163956,SMAD4
AMPL138099,True,0.0003246598460940301,0.4997758967246291,-7.339585370574505,1.0,pearson,160.41552376912597,4978.357457349947,SMAD4
AMPL13842,True,0.0002327860805033496,0.6563391753667338,-7.6722434549869165,1.0,pearson,157.76745738338792,5269.886991304277,PDGFRA
AMPL141884,True,0.0005575985007512285,0.5401308667239395,-6.798724206714806,1.0,pearson,158.51038845534336,5168.882077228099,FLT1
AMPL143573,True,0.0012900652871360274,2.5131693770138916,-5.959915271146296,1.0,pearson,119.0639808819506,2675.861866583295,MYC
AMPL146646,True,0.0007244764297424977,0.47449712387761006,-6.536914149309455,1.0,pearson,156.15798110435236,3879.2778193463932,SMAD4
AMPL146649,True,7.03511451268989e-05,1.6781139590744274,-8.86886431640855,1.0,pearson,191.08645640325696,8895.066751034421,STK11
AMPL146662,True,0.00018058067462711782,2.423642853414994,-7.926185748641411,1.0,pearson,181.17472712774233,8030.777596612055,SRC
AMPL151786,True,0.003617337987234898,0.42631402696545073,-4.9288697057385376,1.0,pearson,121.58527994097226,871.8811684112861,SPEN
AMPL151964,True,0.00044263156441232154,3.836679644846858,-7.029625636441575,1.0,pearson,178.45978889269088,5434.626947542534,CARD11
AMPL160274,True,0.009887674345414644,0.8889151203000344,-3.923319132572156,1.0,pearson,46.875725980312545,55.56666518855022,FGFR1
AMPL160275,True,0.002879167134715221,0.41798539485128117,-5.157107035432629,1.0,pearson,131.7176765960863,1142.7636718774759,FGFR1
AMPL160828,True,7.282874898702525e-05,1.0445441948905376,-8.83425259648769,1.0,pearson,175.08541945359423,5913.72442142071,POLE
AMPL165609,True,0.0014862499226545442,0.30550890090340926,-5.818351981440015,1.0,pearson,153.96377007727727,2580.181652827768,KMT2C
AMPL165734,True,1.5236732773389879e-05,8.582986825546156,-10.398654235077737,1.0,pearson,336.10933798337646,27416.431787771824,TGFBR2
AMPL165735,True,0.00012717370441356622,0.838118644958929,-8.276809474177577,1.0,pearson,163.78661276169115,6860.884488664695,TGFBR2
AMPL165742,True,0.001450660319009036,0.3363790831271736,-5.842589253229343,1.0,pearson,154.14240139764587,2637.5514849644123,TGFBR2
AMPL165743,True,0.0008810957697494894,0.2994623141178254,-6.341197051644646,1.0,pearson,159.92876505689128,3207.840794772837,TGFBR2
AMPL165744,True,0.00020407387590668394,0.8633904049217399,-7.803881312318346,1.0,pearson,161.79760862028076,6828.492223951411,TGFBR2
AMPL165898,True,0.000261180511142754,1.1947947800071335,-7.557151595562317,1.0,pearson,159.71955957736645,7793.015483942833,TGFBR1
AMPL165899,True,0.0004501684384630661,0.36986750846817873,-7.01274155697991,1.0,pearson,160.81490437219563,4043.0859243762507,TGFBR1
AMPL165900,True,0.0007327830464751648,0.34356512021293023,-6.52551369958064,1.0,pearson,159.4063141850878,3353.1167071949303,TGFBR1
AMPL165901,True,0.00040706132157966005,0.46953767256625856,-7.113399536039015,1.0,pearson,159.3719121094616,4424.471938886258,TGFBR1
AMPL165902,True,0.00027313637197565616,0.5693480643951445,-7.512392175897109,1.0,pearson,160.15447261076716,5290.389247958853,TGFBR1
AMPL165903,True,9.854823269426672e-05,0.6488006883456274,-8.531817277053495,1.0,pearson,170.804870296465,5977.952054658575,TGFBR1
AMPL166074,True,0.000134600763629822,0.9667273672531254,-8.220050286882737,1.0,pearson,169.48187037238847,6698.1966217187955,DDX3X
AMPL166269,True,0.00013649101903496976,0.7242662941552042,-8.206104559559481,1.0,pearson,163.59710862974586,6184.487841615337,CHD1
AMPL167407,True,0.0005222632017639216,0.5263560045613362,-6.864191698658294,1.0,pearson,157.66028594029947,4827.6881953592565,GATA6
AMPL167408,True,0.0022364000209792742,0.4998882470281212,-5.409740658871015,1.0,pearson,136.93446084525786,1863.9224352625922,GATA6
AMPL167409,True,0.0003856767651804638,3.658464277770554,-7.167363754656843,1.0,pearson,185.72873086235708,5657.096772374463,GATA6
AMPL171265,True,4.562870846152406e-05,1.4187928099140332,-9.30182628745635,1.0,pearson,195.08662885577655,8415.172223527405,KDM6A
AMPL172761,True,0.0017124234769702483,0.4147539393649795,-5.676698493247229,1.0,pearson,148.4139234737777,2592.801220206105,TP53
AMPL176028,True,0.0009074479362281341,0.8582428315317522,-6.311727183458586,1.0,pearson,147.16916326673154,4606.177734262064,CDC25B
AMPL177159,True,0.0007476895384015012,0.41353781921821203,-6.50537554120224,1.0,pearson,158.10767456372352,3767.4080024806153,FAT4
AMPL177184,True,2.6263689043811685e-05,24.515566191133704,-9.854176036910685,1.0,pearson,379.7441381597779,54041.38861173191,ARID1B
AMPL181095,True,0.0002859442937596711,1.3202634809754363,-7.466566362620079,1.0,pearson,159.1592530209789,7628.198156156983,ATRX
AMPL187925,True,0.00048037405797009497,0.4453863954402577,-6.947798289551491,1.0,pearson,159.7673124930024,4335.850463627619,DNMT3A
AMPL209823,True,0.0007798224843920355,0.4664257843263175,-6.46329706773466,1.0,pearson,156.40240033195658,3982.0294615041003,ERBB2
AMPL221874,True,0.0001435506085241052,0.8844165758464463,-8.155675731737183,1.0,pearson,164.4994482455638,7000.352941568038,FANCE
AMPL226340,True,6.728749140870332e-05,1.4300145081468556,-8.913389021197688,1.0,pearson,170.11772446834448,8675.541612333043,KMT2C
AMPL233967,True,0.00033504719181154516,5.020442496120055,-7.308091984421422,1.0,pearson,181.29659032399687,8557.629345927704,GNAS
AMPL235278,False,7.917811719064191e-07,3.730960186607754e-11,-13.355833600847347,1.0,pearson,856.3578224359765,34850.26960789729,ARID2
AMPL239235,True,0.0019392629745011137,0.4694520872492378,-5.552300107582034,1.0,pearson,142.80139374427614,2268.80434147148,BARD1
AMPL242360,True,5.1404504385396294e-05,2.343251370014222,-9.182637574825714,1.0,pearson,203.97516736624434,12762.348346959909,BMPR1A
AMPL242364,True,4.036164240543845e-05,1.337007839568064,-9.424483488855952,1.0,pearson,199.14882433268824,8497.465429703325,BMPR1A
AMPL242366,True,0.0005343208268498385,0.6651311844028902,-6.8413669195075375,1.0,pearson,155.32498485367,5069.2158682858735,BMPR1A
AMPL242367,True,0.0023517596647203414,0.7810520442348098,-5.359444256974089,1.0,pearson,119.94126749611591,1686.424807381231,BMPR1A
AMPL242368,True,0.00024206054927817304,0.4655306235586404,-7.633175478914536,1.0,pearson,159.85897110479786,4475.146653160048,BMPR1A
AMPL242370,True,0.0018814418799586016,0.3863469929901313,-5.582569658117097,1.0,pearson,146.12923965134013,2270.075638158064,BMPR1A
AMPL242511,True,0.00033394437121739095,4.1758960264606255,-7.311388951540504,1.0,pearson,179.284627402962,7387.188393833472,POLD1
AMPL242512,True,0.00027428580188585663,5.80321599882007,-7.508192742062347,1.0,pearson,182.81957115244873,10142.837945132265,POLD1
AMPL244662,True,0.00011156656649761253,3.066149773671558,-8.407741955695903,1.0,pearson,193.41948682001694,10084.319492992778,SMAD3
AMPL244663,True,7.02471109197469e-05,2.116459213543943,-8.870344195733711,1.0,pearson,183.78545784478757,13123.958112716451,SMAD3
AMPL244664,True,0.00024393841484406665,2.735126460335283,-7.625447582148963,1.0,pearson,170.87992654303648,9244.640788080102,SMAD3
AMPL244665,True,5.843057793682805e-05,1.2035379356082585,-9.05452402978938,1.0,pearson,184.74204317327425,7328.994536767545,SMAD3
AMPL244666,True,6.157297229058398e-05,1.1676265022474341,-9.002140364665348,1.0,pearson,181.2597980514774,8744.869877050272,SMAD3
AMPL244667,True,0.002812801508554362,0.31466765047690987,-5.180427133595938,1.0,pearson,140.2255944677966,1271.2113215114302,SMAD3
AMPL244668,True,0.00030272433622611665,0.7981636606281652,-7.409540767429226,1.0,pearson,157.6606050337483,6642.66523832913,SMAD3
AMPL244669,True,6.458918004589924e-06,2.809399061284804,-11.256901565187642,1.0,pearson,349.88101663656863,12274.075726679308,SMAD3
AMPL244670,True,0.0008764100181008819,0.42372198532512517,-6.3465293387797495,1.0,pearson,157.5845383643077,3479.2590598500465,SMAD3
AMPL244732,True,6.301095237189444e-05,0.8616781998585552,-8.979054818949537,1.0,pearson,180.53436397601718,6901.300895265203,SMAD2
AMPL244736,True,0.0004952310068048615,0.617770798201546,-6.917339043283214,1.0,pearson,156.9028909784959,5135.763458801004,SMAD2
AMPL244737,True,0.00031022282811019557,0.7508112368273452,-7.385072537782914,1.0,pearson,158.7361490979232,6334.739703206293,SMAD2
AMPL244738,True,0.0002570794455047864,0.8904097858715191,-7.572978213801086,1.0,pearson,158.63746361284615,6348.548726627311,SMAD2
AMPL244739,True,0.0005206756499252322,0.5113004510281892,-6.867236082444118,1.0,pearson,157.54661590745476,4102.514954857961,SMAD2
AMPL244740,True,0.00014118650570219912,1.0997109168731896,-8.172281625593474,1.0,pearson,165.17988480779292,8146.702929511483,SMAD2
AMPL244741,True,0.0017153250334670572,0.5349378257634778,-5.675005511874175,1.0,pearson,142.57599627490623,2312.3614820805383,SMAD2
AMPL244809,True,1.5309247036356156e-05,10.152507776242496,-10.393906350109672,1.0,pearson,353.8788773842681,33367.13382954419,ACVR2A
AMPL244810,True,0.0005197236250682294,0.6004039520662822,-6.869066197373271,1.0,pearson,155.5783909012971,5164.315999331579,ACVR2A
AMPL244812,True,0.00017606039784780073,0.23569920149369236,-7.951536271645616,1.0,pearson,162.70513036837332,3654.952220389327,ACVR2A
AMPL244813,True,0.00026840214264964394,0.42396840920425494,-7.529876989292303,1.0,pearson,160.2559466705605,4599.467401786281,ACVR2A
AMPL244815,True,0.0006610008762227782,0.5080301382923097,-6.628608211951739,1.0,pearson,155.52286556453075,4508.577365294815,ACVR2A
AMPL244816,True,0.0005683569663206773,1.0930774127250535,-6.779613694250435,1.0,pearson,144.81047102745865,6439.247734001178,ACVR2A
AMPL244817,True,0.0003014338392097359,0.9309152801941915,-7.413812824090978,1.0,pearson,155.8771886021965,6606.042769424617,ACVR2A
AMPL244818,True,0.00016209083983903736,0.8027562278772101,-8.034206459580586,1.0,pearson,162.4583744170531,6250.913601612886,ACVR2A
AMPL244819,True,0.0007716823838893266,0.3698347784989225,-6.473790331868391,1.0,pearson,158.93442281996232,3600.4909161361657,ACVR2A
AMPL244822,True,0.0006015238433547455,0.8055008911754142,-6.722897202950219,1.0,pearson,151.38205974344064,5264.5274750845765,BMPR2
AMPL244828,True,0.00020577009092551232,1.0271381325675215,-7.795603895345744,1.0,pearson,160.635125173846,7502.288013287394,BMPR2
AMPL244829,True,3.6634687563224646e-05,1.0976540620971877,-9.521367838197142,1.0,pearson,197.6920992668373,7591.183520871698,BMPR2
AMPL244830,True,0.0002861475389148184,0.6120156253062101,-7.465855829268299,1.0,pearson,159.4663025038223,5200.127203018205,BMPR2
AMPL244843,True,0.0009162423831790024,0.36536392949162644,-6.302082437275945,1.0,pearson,157.5725061795448,3492.915840856766,ACVR2B
AMPL244847,True,0.0004963039339315603,0.6641103447337828,-6.915174868322985,1.0,pearson,157.76730394791147,4988.144869269734,BMPR1B
AMPL244850,True,1.2621709354927651e-05,0.7128225313306267,-10.586945081371002,1.0,pearson,252.23468930990632,5613.963610085069,BMPR1B
AMPL244851,True,0.00010150986149750987,0.7358714991029897,-8.502207426031047,1.0,pearson,167.2567166876501,6197.2843189619925,BMPR1B
AMPL244853,True,0.0008471569941137469,0.46632995736199817,-6.380477346783127,1.0,pearson,155.84386856730998,3603.6690407072133,BMPR1B
AMPL244854,True,0.0005024128089025422,0.6620226075194815,-6.902941267148308,1.0,pearson,156.28894994686982,4620.422131431654,BMPR1B
AMPL244856,True,0.0008286391285538176,0.47674193435513534,-6.402578626387659,1.0,pearson,155.8581028258134,3592.061301080752,BMPR1B
AMPL244857,True,0.0002384564588243626,0.6967675755441592,-7.648176646323798,1.0,pearson,160.25704846268658,5668.080469382234,BMPR1B
AMPL244869,True,0.001152364537327578,0.33254974570316825,-6.0727921475522315,1.0,pearson,156.77250249014585,3065.108880433955,ACVR1B
AMPL244872,True,0.0009924104382494376,0.4803492744909445,-6.222226607454335,1.0,pearson,153.51745532013464,3461.801343857372,ACVR1B
AMPL244873,True,0.00029935547189661386,0.6792543243704231,-7.420731640939588,1.0,pearson,157.51909976674042,5972.615394026281,ACVR1B
AMPL244874,True,0.00012983442535341487,0.8643727928996738,-8.25610338985928,1.0,pearson,166.49108730273963,6906.981314267352,ACVR1B
AMPL244875,True,0.0015267913773437253,0.28657212001420485,-5.791439704084095,1.0,pearson,154.80042097596834,2382.0054841598,ACVR1B
AMPL244876,True,0.00015869387682716394,0.6225927330916462,-8.055386333936019,1.0,pearson,161.1604573602695,5519.271964860652,ACVR1B
AMPL244877,True,0.0005837043314887306,0.5450813083496369,-6.752968804477333,1.0,pearson,156.59224960984875,4529.277614019533,ACVR1B
AMPL244879,True,5.809839228999029e-05,16.4700507029706,-9.060225385358063,1.0,pearson,310.84502962433766,35778.08683689654,SMAD6
AMPL248729,True,0.0004386503323819557,0.6300363370222174,-7.038660791091808,1.0,pearson,156.85948804288375,5488.27257277423,MTOR
AMPL248732,True,0.001080745498858515,0.5938953136382921,-6.136957018696614,1.0,pearson,149.96683101751384,3539.86438317808,ARID1A
AMPL248733,True,0.0007235667551008248,0.7369938262374354,-6.53817056869095,1.0,pearson,151.69283104291392,5243.720381404307,ARID1A
AMPL248743,True,0.006255839688457165,0.8875250258409517,-4.381092720754131,1.0,pearson,67.26011365655648,190.24437303400322,ARID1A
AMPL248744,True,0.0033505099469227613,0.4548416116630813,-5.005495541207938,1.0,pearson,122.54143891257876,1002.8589497263971,ARID1A
AMPL248748,True,0.0024064326870465967,1.1855335933177373,-5.33646266036066,1.0,pearson,109.42584137765206,1486.6491849975826,ARID1A
AMPL248758,True,0.00021098557966374158,0.48112751473871834,-7.770573589089609,1.0,pearson,162.83153835514747,4693.2449035360005,NOTCH2
AMPL248805,True,0.0017450139367862125,0.8622043106185315,-5.657845556102725,1.0,pearson,128.5424778276648,2590.8425605203643,ACVR2B
AMPL248806,True,0.0008404447333753019,0.9722931504585444,-6.388432181178849,1.0,pearson,141.84437665163023,5224.972798274737,ACVR2B
AMPL248807,True,0.0015222094569671875,0.30669609029332207,-5.7944452288934585,1.0,pearson,154.71524037587375,2440.4774288133112,ACVR2B
AMPL248809,True,0.0003429250641984774,0.6843768904600342,-7.284851425831368,1.0,pearson,157.86067886626682,5787.50300098308,PBRM1
AMPL248826,True,0.0015149888599672364,0.5543724873159442,-5.7992000126448335,1.0,pearson,144.1045471008248,2934.286201090872,FAT1
AMPL248830,True,5.006071226140871e-06,4.680102012048422,-11.511711956341577,1.0,pearson,402.1193032341811,16369.89016620887,RICTOR
AMPL248841,True,4.037696947039938e-05,6.020639561727443,-9.42410381759857,1.0,pearson,260.7411033495164,20902.33747136789,RREB1
AMPL248842,True,0.0013399490488248237,0.3734880275913965,-5.921976508447331,1.0,pearson,153.4959417061477,3052.8689323608505,EHMT2
AMPL248843,True,0.004269077069582037,0.9913816249378219,-4.76321043749894,1.0,pearson,82.03314984673501,500.20889009809036,DAXX
AMPL248844,True,0.004929241769759045,0.30176224152187364,-4.619422921433425,1.0,pearson,116.16287594159607,497.18629166803584,DAXX
AMPL248845,True,0.002474469064224909,0.7256022410677685,-5.308582244919226,1.0,pearson,119.26866216953538,1626.1947508351404,DAXX
AMPL248849,True,0.00023745120368056228,1.0574223445038688,-7.652401233226164,1.0,pearson,160.26363291664376,7312.38505739975,ARID1B
AMPL248866,True,0.0004870399168387076,0.5155523833411543,-6.93401729291946,1.0,pearson,155.52816492861206,4137.804379807741,KMT2C
AMPL248894,True,6.456133925371816e-05,1.4242550873288582,-8.954747609331307,1.0,pearson,181.88053961201277,8302.699003515683,CTNNA3
AMPL248928,True,0.0006721010249505869,0.4626651936980152,-6.611954713432418,1.0,pearson,158.2008864983735,4045.0036607664824,ARID2
AMPL248929,True,0.0009637194150479354,0.44828790795119877,-6.251563188389189,1.0,pearson,155.62726324210914,3973.695858186451,ARID2
AMPL248935,True,0.00024236914826688145,0.865007729494688,-7.63190140743619,1.0,pearson,156.91851881035814,6446.4472646780905,KMT2D
AMPL248950,True,0.0006799714153010918,1.4083467001215189,-6.600312616439651,1.0,pearson,145.34384987173445,5980.795527962916,BRCA2
AMPL248970,True,0.0006829765433236369,0.6916126317678637,-6.5959028620197255,1.0,pearson,154.13093354181484,5006.3311949619265,PALB2
AMPL248996,True,0.0028652605176069205,0.9533314651659278,-5.161948821287579,1.0,pearson,104.16945687714548,1154.4774944881274,BRCA1
AMPL249000,True,0.0009296265462560483,0.44550566258333435,-6.2875804350706455,1.0,pearson,155.60790650556248,3818.0503724707264,RNF43
AMPL249003,True,0.0005397648203538245,0.5706630912690424,-6.831229850574746,1.0,pearson,158.82915160754297,5168.104782874012,AXIN2
AMPL249040,True,0.0017798805634889057,1.0237163037618793,-5.638061835532984,1.0,pearson,122.44085996896091,2592.284698670087,ARHGAP35
AMPL249045,True,0.0006331428172492287,0.6736859290852094,-6.671667361041414,1.0,pearson,155.60091981868214,4633.332167876987,DNMT3B
AMPL249051,True,0.0009013500101468425,0.5520218107065773,-6.318469726698899,1.0,pearson,155.13175013743094,3878.002564558073,EP300
AMPL249062,True,0.001627785817581413,0.849563961090014,-5.727387401179019,1.0,pearson,139.6757694794813,1922.803580108912,MED12
AMPL249250,True,0.00827171980492307,0.6298195005447811,-4.1017656539422065,1.0,pearson,63.929538899623076,83.9213349087774,TGFBR2
AMPL249251,True,0.003193794092335198,0.4707614252691179,-5.053398517728374,1.0,pearson,123.73448858098587,964.0770566680504,TGFBR2
AMPL249436,True,0.00017675847858970498,1.6538202308916203,-7.947579104388014,1.0,pearson,165.06854038062468,8832.304848986714,MEN1
AMPL249492,True,0.001219805163406068,0.45783516768133564,-6.015916954556943,1.0,pearson,151.50600106471418,3179.504068342246,ACVR1B
AMPL249606,True,0.0017418985528985995,0.776714536738099,-5.659632457681577,1.0,pearson,137.38001044892107,2133.676245795885,RNF43
AMPL249649,True,0.00011839873155122762,2.8692581094062746,-8.348305368261578,1.0,pearson,190.67592963731505,11576.365377258704,STK11
AMPL250217,True,0.0016707393691085574,0.4573005815551079,-5.701341833979042,1.0,pearson,146.63334689772896,2511.0932205185654,RPL22
AMPL250219,True,0.00013073295123420669,0.9415558857297409,-8.249206675051282,1.0,pearson,158.77741116697337,5692.110403031143,MTOR
AMPL250221,True,0.001155184219581074,0.7335512637227102,-6.070348269694013,1.0,pearson,149.51202107279235,3308.199442992667,EPHA2
AMPL250222,True,0.0019187790204499948,0.3900755478821557,-5.562919041518706,1.0,pearson,146.09396202329637,2092.839598647822,CDC42
AMPL250226,True,0.0006054749883903847,0.46092134571418336,-6.716350122629533,1.0,pearson,157.981946137581,4494.199342083401,RPL5
AMPL250228,True,0.00013090924000510766,1.0595400627591924,-8.247859118705396,1.0,pearson,170.03482166766844,7869.882996059564,NOTCH2
AMPL250230,True,0.0028948494846600097,0.37346111764656076,-5.151674980230699,1.0,pearson,134.53011136749882,1345.187671663972,CLK2
AMPL250232,True,0.00037770295348643,0.8200687562876536,-7.188255328054246,1.0,pearson,154.61655097149225,5651.675877477346,DHX9
AMPL250234,True,0.0004996507387120078,1.4035140143601488,-6.9084540456386865,1.0,pearson,157.6977982340519,5867.81993750441,IKBKE
AMPL250235,True,0.0002789282081566122,0.5850806911946154,-7.491408947130114,1.0,pearson,158.3839375619002,5562.921243275834,IRF6
AMPL250236,True,0.00016956925614859284,0.9064189807215108,-7.989101943187178,1.0,pearson,157.04438783804824,6704.124049001586,IRF6
AMPL250237,True,0.001551404849128042,0.5731673031842339,-5.7754472237059025,1.0,pearson,142.91404122335342,2344.950796711647,PARP1
AMPL250238,True,0.0013557673227599808,0.6736361244482612,-5.910240514512358,1.0,pearson,144.04862753889483,3041.222639392718,MYCN
AMPL250241,True,0.000478751253645463,0.5928137646309386,-6.9511822183323,1.0,pearson,158.60108629694142,4944.77431704819,MSH2
AMPL250242,True,0.0009376532305881253,0.5534415962643512,-6.278983186954932,1.0,pearson,152.89381375359386,3764.8758221437706,REV1
AMPL250243,True,0.0012330745905533393,0.4788861756895522,-6.005097380892664,1.0,pearson,151.83540488551725,3291.9655805709517,ERCC3
AMPL250245,True,0.00044592446069589896,1.178478867387192,-7.022213810366089,1.0,pearson,146.45031532242885,7255.231837587382,ERCC3
AMPL250249,True,0.0005316127288540844,0.4899333630456983,-6.846448106431126,1.0,pearson,158.62276110734842,4440.7420729670075,BARD1
AMPL250251,True,0.0005245967989978542,1.2007433999784185,-6.859733411786103,1.0,pearson,149.80131551320812,6317.628971317737,PTMA
AMPL250253,True,0.000885102791378205,0.796062708260704,-6.336659590691159,1.0,pearson,146.48915632849557,4673.134669546885,OGG1
AMPL250255,True,0.0010628359444186982,0.5727753970166616,-6.153667343598758,1.0,pearson,149.78138616984606,3650.017660702073,MLH1
AMPL250256,True,0.002285588585345131,0.4364032164468907,-5.387984520661449,1.0,pearson,139.3955700616664,1799.2487700095749,SETD2
AMPL250258,True,0.0011919053592232207,0.5133552925667048,-6.0390549295559275,1.0,pearson,150.63831551655747,3313.569524805338,POLQ
AMPL250259,True,0.0003406676531172862,0.5765461450962605,-7.29145599966537,1.0,pearson,159.57995427096623,5413.764004441734,POLQ
AMPL250260,True,0.0001944604698889373,2.5390613155720825,-7.85213447464737,1.0,pearson,170.61673700052467,11147.817552434533,EPHB1
AMPL250261,True,0.0020276809303743704,0.7198591480735016,-5.507715357233797,1.0,pearson,130.36600824306512,2194.0347813141098,ATR
AMPL250264,True,0.0011445990487036978,0.5520126968299316,-6.0795536985464835,1.0,pearson,150.77428538190696,3343.872836856129,WHSC1
AMPL250265,True,0.0003666050896656223,0.591363209270174,-7.2180781586645955,1.0,pearson,159.63827380143798,5232.184203344451,POLN
AMPL250267,True,0.0008086515035515746,0.5580758354430874,-6.426995327504866,1.0,pearson,154.08130846394124,4506.416194851015,FAM175A
AMPL250268,True,0.0013754607226620595,0.3727641514362,-5.895819352400465,1.0,pearson,153.80722433892814,2817.382001464163,TET2
AMPL250270,True,0.0008337958790736919,0.7316050269373922,-6.396374754313703,1.0,pearson,149.7345175938229,4623.792845142036,FAT4
AMPL250271,True,3.7688886154793285e-05,0.9911593955982461,-9.492998123366613,1.0,pearson,196.14695504247015,6231.774289217393,TERT
AMPL250274,True,9.825715767149937e-05,0.9177573075815353,-8.534775277690194,1.0,pearson,171.46943223193284,7156.047802334806,RICTOR
AMPL250276,True,0.0009883434411683027,0.7186247532240769,-6.22633312754117,1.0,pearson,150.2777649154635,3961.149679971279,RAD17
AMPL250279,True,0.001496542149095149,0.5036823995949636,-5.811450885392836,1.0,pearson,147.38712031197466,2926.3575344664882,APC
AMPL250280,True,0.0020166833227289673,0.30923100046988294,-5.513153855877212,1.0,pearson,149.3620335984806,2052.1818351658153,APC
AMPL250282,True,0.0002668882329654879,0.7830643930710613,-7.535533409768339,1.0,pearson,160.10742354118045,6168.86446684492,IRF4
AMPL250283,True,6.309390049297298e-05,6.28488180320126,-8.97773927666616,1.0,pearson,221.78733900479577,14717.962648883562,HIST1H1E
AMPL250284,True,0.002025068007514207,0.4668570422895965,-5.509004814469985,1.0,pearson,140.23100485296808,2140.0002228869994,HIST1H3G
AMPL250285,True,5.69989435235306e-05,5.615343920674138,-9.07933064441645,1.0,pearson,244.01603312574167,19327.539185813235,HIST1H3I
AMPL250288,True,0.00045341642814711997,1.1708936199115711,-7.005552406755901,1.0,pearson,159.72012883848478,5645.044940103328,MCM3
AMPL250290,True,0.0002769598999645925,0.8048524944253748,-7.498490647167308,1.0,pearson,160.1084732267226,6217.567869201283,ARID1B
AMPL250291,True,0.00038411059316358423,0.6120107958983138,-7.171432863251346,1.0,pearson,157.64831215999104,5282.143759860557,ARID1B
AMPL250293,True,0.00010551093274677791,0.5676876369838587,-8.463548801925667,1.0,pearson,166.80073354194084,5224.3112081085765,PMS2
AMPL250294,True,8.099962808842693e-05,0.9354421427681171,-8.727918814243333,1.0,pearson,175.3150787129522,7098.821185796751,MPLKIP
AMPL250295,True,0.0005531677132891053,0.9359951618217268,-6.806702142857968,1.0,pearson,152.12467584282604,5839.226198130858,POLD2
AMPL250296,True,0.0011410247914986351,0.5892860711522079,-6.082681299909207,1.0,pearson,149.65267635790627,3705.912481409323,MET
AMPL250297,True,0.0007849444174388377,0.5209866539065792,-6.456750467939168,1.0,pearson,155.3533600895845,4188.415545701955,SMO
AMPL250298,True,0.0022743933198638524,0.6725136360462237,-5.392894754170053,1.0,pearson,127.30561844394913,1825.1872357474747,KMT2C
AMPL250300,True,5.159997637002902e-06,1.4019131617794642e-09,-11.481427255856136,1.0,pearson,409.3083920616734,104415.54532602426,EGR3
AMPL250301,True,0.00033119497146963806,0.98838510266585,-7.319656137769238,1.0,pearson,155.10072694042145,7056.341422537682,FGFR1
AMPL250304,True,0.0005882457176980164,0.5367306032697348,-6.745218629554733,1.0,pearson,157.2035019101508,4661.858885711548,PREX2
AMPL250307,True,0.0017321553096029782,0.7257807327038378,-5.665241621630657,1.0,pearson,135.24135461387857,2634.9581040712605,PTPRD
AMPL250309,True,0.0021446512624454157,0.4472304359290233,-5.451631140870563,1.0,pearson,140.7481656078859,1864.8300784550788,PTPRD
AMPL250312,True,5.246730716463747e-06,5.562258425379544,-11.464758215445418,1.0,pearson,408.3057960123985,20765.19867052168,RXRA
AMPL250316,True,0.0010392083935829822,0.4962559866547076,-6.176148835114639,1.0,pearson,153.69605535635088,3750.5448508968843,TCF7L2
AMPL250318,True,5.357094922143029e-05,0.5930442671661162,-9.141356448395898,1.0,pearson,182.37826326850436,5922.419815070781,CTNND1
AMPL250319,True,0.0010275987920167402,0.5146503761283192,-6.187383287707691,1.0,pearson,152.57359306331247,3719.8342318358686,MUS81
AMPL250320,True,8.295557171717293e-05,0.6995162838075081,-8.70405819343748,1.0,pearson,171.05912215734162,5920.67234113543,RPS6KB2
AMPL250321,True,0.0006531662599992304,0.8116698733351139,-6.640531671041932,1.0,pearson,152.58808110818845,4465.000683679494,INPPL1
AMPL250326,True,0.0005776476840636122,0.6611285695617011,-6.763399237721437,1.0,pearson,154.78452527933496,5087.31134111024,ATM
AMPL250327,True,0.0008197379849615231,0.5693440476974339,-6.4133786187415165,1.0,pearson,153.8154030886413,4046.0648406484847,KMT2A
AMPL250328,True,0.001743572416477514,0.40990693241077025,-5.6586719770335945,1.0,pearson,147.85076483146582,2447.399503448282,CHD4
AMPL250330,True,0.0010453502471215344,0.6466616351874654,-6.170256104450959,1.0,pearson,149.10982419848955,3981.418048599337,ATF7IP
AMPL250334,True,0.0023771920881729106,0.4784603896102984,-5.348688102130002,1.0,pearson,135.35022549941655,1635.5993953552031,KMT2D
AMPL250335,True,0.0008481952465453023,0.8500386627441453,-6.379252524546835,1.0,pearson,147.71211786172904,4301.88888528016,KMT2D
AMPL250338,True,0.0025173554701366134,0.42254707100643185,-5.291399164534464,1.0,pearson,136.4507992917635,1565.167185509907,ERBB3
AMPL250339,True,7.5567630930013e-05,1.6373637822670883,-8.797335348207907,1.0,pearson,187.42763178458313,7796.43006333516,TBX3
AMPL250340,True,3.2377615171798503e-06,27.240437731754422,-11.94748117613371,1.0,pearson,637.3193075409406,60564.344866750645,RAB35
AMPL250341,True,0.0006288449149734728,0.7633024554668684,-6.678478709175117,1.0,pearson,152.88951684825858,5333.610843750928,POLE
AMPL250344,True,1.1513278255722328e-05,1.4634739572141098,-10.67886237717638,1.0,pearson,272.3497102926983,8312.70951230038,BRCA2
AMPL250345,True,0.00018296182460268487,0.8737891388533328,-7.913085855053233,1.0,pearson,160.8785607192341,6942.596684525511,BRCA2
AMPL250349,True,0.0015511029181874481,0.4319566643022706,-5.775641860408977,1.0,pearson,149.09326264963542,2822.560478989886,PRKD1
AMPL250350,True,0.00037236267508103973,0.5010821730193686,-7.202495065056161,1.0,pearson,159.45883458857395,4678.95320646099,PRKD1
AMPL250352,True,0.00010409871050937093,0.7098709114583646,-8.477023788897869,1.0,pearson,170.04845748434877,6361.537635797107,MLH3
AMPL250353,True,4.629906709562609e-06,5.090000202956954e-10,-11.58982665863173,1.0,pearson,448.14418220516563,43475.51427051598,TRAF3
AMPL250355,True,0.0005179246806556168,0.7666089229054205,-6.872533549856788,1.0,pearson,156.65674686191227,5615.015692451149,TP53BP1
AMPL250357,True,0.0005986974829071987,0.7322052866748545,-6.7276069437457675,1.0,pearson,153.6001686770863,5396.385191197777,RNF111
AMPL250358,True,0.0013358438001037538,0.43184383614091243,-5.925044946232961,1.0,pearson,152.24326723779285,3021.595606001624,SIN3A
AMPL250359,True,0.0009437368080974674,0.4711934176133088,-6.272516055113659,1.0,pearson,156.0342200619911,4008.4057490184327,FANCI
AMPL250361,True,0.000660550434158555,3.5731394174371975,-6.629289898811913,1.0,pearson,148.36728762224107,4942.56140007691,AXIN1
AMPL250363,True,0.0002466415134519372,0.8142699813142374,-7.614427457565918,1.0,pearson,160.37106157926897,6445.398372179999,SLX4
AMPL250364,True,0.001641854720889824,0.4167280802613109,-5.718781568230859,1.0,pearson,148.60971241108902,2792.483196172794,PALB2
AMPL250366,True,0.0007467532194555007,0.5214472083436116,-6.506628609027814,1.0,pearson,154.92290708285356,4369.606099066674,CDH1
AMPL250376,True,0.0034464521086179853,0.28770572978644676,-4.9772627708322155,1.0,pearson,134.23682958160285,1092.6222766419141,BRCA1
AMPL250379,True,0.0005536390910446241,0.6320089349621377,-6.805850363157711,1.0,pearson,154.88317019889547,5209.558290109995,EME1
AMPL250381,True,0.0002981374779603113,0.7424707747573775,-7.424808661844113,1.0,pearson,156.6633363377039,4580.376852500484,RNF43
AMPL250383,True,0.00033145767795158176,3.8853333673115578,-7.318863244249726,1.0,pearson,188.35950617308413,7153.23968468398,RECQL5
AMPL250389,True,0.0005291144174242542,0.77218803230957,-6.851158678906399,1.0,pearson,155.60849585687262,5200.434323220315,PTPRS
AMPL250391,True,8.459504456091652e-08,100.80679043250242,-15.592242966419931,1.0,pearson,2733.2269654841434,212941.42781863254,PTPRS
AMPL250393,True,0.0003966924967114969,2.9294553282778417,-7.1392019643268565,1.0,pearson,176.54433319007552,5174.954039687692,XAB2
AMPL250394,True,0.0006232159033813443,2.210540438729678,-6.687470364268796,1.0,pearson,155.15737665831105,5316.40244182566,NOTCH3
AMPL250395,True,0.000700876187220928,1.7042008391841879,-6.57003212904942,1.0,pearson,152.38940689981075,5270.082255172535,BRD4
AMPL250396,True,0.0005079421052803474,1.4455026660347217,-6.891995902304031,1.0,pearson,157.09193994868585,5898.320412638611,KMT2B
AMPL250397,True,0.00014810110848815033,5.318562901159023,-8.124468171431035,1.0,pearson,206.9321148322928,15321.644797815601,KMT2B
AMPL250399,True,0.0003190573281160684,0.5861961868631632,-7.356992578803148,1.0,pearson,160.2457827166749,5637.779818367344,ARHGAP35
AMPL250404,True,0.0009212518320920139,0.6177118567521097,-6.296629945200438,1.0,pearson,151.86411925226727,4126.902285251527,PAK7
AMPL250405,True,0.00026526200354831203,0.5114338491197,-7.5416453472176155,1.0,pearson,160.6379490079776,4332.546587768194,PAK7
AMPL250407,True,0.00012968062213910883,0.8458244968255624,-8.257288702493746,1.0,pearson,167.5946283819214,6684.1192504580085,PLCG1
AMPL250408,True,0.0003091234441064354,0.7593128440032184,-7.388622684793578,1.0,pearson,158.3722213433166,5651.621842103543,PTPRT
AMPL250409,True,0.00012528523902649992,1.0188469896772483,-8.291770327497733,1.0,pearson,165.96335592287838,6593.519269217502,PTPRT
AMPL250410,True,0.0005190592594010862,1.063473813322242,-6.870345320792919,1.0,pearson,153.67016846925503,6016.513697338561,PTPRT
AMPL250411,True,0.005220333115978455,0.5023139964399602,-4.562046883242212,1.0,pearson,97.17186767358027,321.3080124427235,NCOA3
AMPL250412,True,0.0003694177098280738,0.7406810892894752,-7.21043536864416,1.0,pearson,154.40676134853712,5100.663043196986,NCOA3
AMPL250413,True,0.00032738855531806753,0.5632974635207905,-7.331215669345635,1.0,pearson,160.3629474595492,5395.353948430876,AURKA
AMPL250415,True,0.000114984571473052,7.958620317931158,-8.37756541914538,1.0,pearson,232.14409416295928,18539.59706558988,GNAS
AMPL250418,True,0.0014871737806641887,0.4258853248914869,-5.817730571152378,1.0,pearson,149.99656003125867,2734.981217387117,CRKL
AMPL250419,True,0.000701729826751234,0.6221486932560166,-6.568814909634702,1.0,pearson,153.43882050897446,4130.004548204738,CHEK2
AMPL250420,False,4.770817061000083e-06,1.3572747317307948e-25,-11.55984579555854,1.0,pearson,478.29926506613276,74132.72363388054,MYH9
AMPL250422,True,2.11597286280305e-05,5.06604265030649,-10.070263595258732,1.0,pearson,278.42173776302064,19788.367033147464,PLXNB2
AMPL250429,True,0.0002807294633703554,0.99731633019265,-7.484971935631902,1.0,pearson,163.22085505363475,6082.132900723682,ARAF
AMPL250431,True,4.8380405583804146e-05,1.6625828603644406,-9.243268488962752,1.0,pearson,201.1800648958635,9981.296617345462,MED12
AMPL250434,True,0.0005452265035233506,0.8565505351930249,-6.821162066284867,1.0,pearson,156.80137325798165,5895.711344786081,RBMX
AMPL250435,True,6.282597453866051e-05,3.1861366045914967,-8.981994782138587,1.0,pearson,186.46536459356878,17417.52394411371,FLNA
AMPL251098,True,0.0008492889433486673,0.8847137185816105,-6.37796391524936,1.0,pearson,152.97487814243541,3966.7366273507755,MAD2L2
AMPL251104,True,8.972750231389166e-05,1.0985484730828026,-8.625586052056374,1.0,pearson,176.3073962025009,7721.4179653154215,MACF1
AMPL251106,True,0.0006221182983801035,0.6008685967018476,-6.689233112427326,1.0,pearson,155.2153431310491,5049.6001686184645,HFM1
AMPL251107,True,0.00015701658042990716,1.035160837413956,-8.066011969798332,1.0,pearson,163.54836751619078,7712.514732452465,HFM1
AMPL251114,True,6.790334841166961e-05,0.5484642230505578,-8.90427803018709,1.0,pearson,172.43638079230595,5256.106441656927,SPTA1
AMPL251125,True,0.00133712261350949,0.4421308894121641,-5.924088096572006,1.0,pearson,151.76405296733128,2850.2685556583224,MSH6
AMPL251135,True,0.0006514402827456597,0.48961339250356056,-6.643177646213772,1.0,pearson,157.91601405121204,4407.719983701552,FANCD2
AMPL251137,True,0.0013098458052846886,0.502293287555885,-5.944698674026564,1.0,pearson,150.49965703677145,3096.1445498069716,MLH1
AMPL251138,True,0.000588902947326469,0.5446657750962387,-6.744101982666754,1.0,pearson,157.6471674483589,4721.330989574592,WDR48
AMPL251140,True,0.00015082712892264464,0.753911175532104,-8.106229037993003,1.0,pearson,163.74698251324628,6362.787803114721,SETD2
AMPL251141,True,0.0017844509411415498,0.41780783040072694,-5.635497326507074,1.0,pearson,146.5726087350309,2429.9597710012026,SMARCC1
AMPL251142,True,0.0013101924953443332,1.398202097845816,-5.944434028993257,1.0,pearson,130.629139446659,3361.0294998592913,BAP1
AMPL251144,True,0.001356800559093699,0.3917412197529563,-5.909478700298895,1.0,pearson,153.27500324953212,3031.905277588719,MITF
AMPL251151,True,0.001115195386782787,0.9132943619608389,-6.105578474079162,1.0,pearson,139.52398046949918,3691.386285273094,TP63
AMPL251152,True,0.0014868377598271103,0.5755956195893994,-5.817956542594609,1.0,pearson,144.50185469651566,2588.6281873420353,RNF168
AMPL251153,True,7.787272304099913e-05,4.255950361010937,-8.767287639363024,1.0,pearson,219.67178432512142,14341.599220053062,FGFR3
AMPL251157,True,0.0007184043166750827,0.3178154849368949,-6.545330851699588,1.0,pearson,160.34674485553427,3459.813739907933,PDGFRA
AMPL251159,True,0.00014579698756699241,1.036565527739547,-8.140148219449308,1.0,pearson,165.50610226665154,7384.871365426402,PDGFRA
AMPL251162,True,0.0005949698586705167,0.6540882600202136,-6.733852630838454,1.0,pearson,155.3788916352474,5364.305274892462,FAT4
AMPL251171,True,0.00176078682910201,0.7543664966599585,-5.64884732728479,1.0,pearson,133.78605555090328,2505.403106827597,MSH3
AMPL251172,True,1.244517353625478e-05,2.0914479301877096,-10.601030497426889,1.0,pearson,277.3137579381526,11788.151758014781,CHD1
AMPL251179,True,6.618263861760411e-05,1.7117847354931317,-8.929945205388284,1.0,pearson,189.2826920166363,8672.411121027735,HIST1H3D
AMPL251185,True,0.00020796806627878316,0.6679683123499572,-7.784978836995415,1.0,pearson,159.70732531542544,6203.434069806199,TTK
AMPL251186,True,0.0009251782559094047,0.5734011543354482,-6.292376949366667,1.0,pearson,152.89467793225995,4007.3475822370892,ASCC3
AMPL251192,True,0.00032660004381417817,0.6529250242209103,-7.33362706271556,1.0,pearson,159.42298265276773,5149.0612713167675,PARK2
AMPL251202,True,0.00035515384129403203,0.4873959223619716,-7.249812326042564,1.0,pearson,160.18611055506454,4605.384564162692,PAXIP1
AMPL251203,True,0.00021164912608325398,0.6789542014821713,-7.767433539511576,1.0,pearson,159.56284276339863,6127.004564558403,MCPH1
AMPL251207,True,0.0012563491096500505,0.7736753118436945,-5.9863981154550805,1.0,pearson,141.49166891117963,3662.8808712968435,POLB
AMPL251220,True,0.006543024078739155,0.25978261985329004,-4.336208642465073,1.0,pearson,105.60579694144168,253.44115307411786,ERCC6
AMPL251225,True,1.791316620806154e-06,8.390736912967382,-12.539412485580558,1.0,pearson,624.1934883384439,25142.555479169972,RRAS2
AMPL251228,True,0.0009274854166042289,0.38875141466372215,-6.28988630638411,1.0,pearson,157.33909264922804,3677.476310707049,MARK2
AMPL251230,True,7.515211122813076e-07,6.753150482172646e-08,-13.408019354066685,1.0,pearson,1013.4751233066931,155650.93634549368,RAD9A
AMPL251234,True,0.00038656816297661804,1.0449457058523488,-7.165055165349096,1.0,pearson,161.49725309110497,6265.182317785841,FAT3
AMPL251236,True,0.0002993498763862819,0.9057132006885417,-7.420750332973484,1.0,pearson,155.8713017399332,7255.045121602576,BIRC3
AMPL251237,True,0.0006064740427640451,8.484518336885934,-6.71470144834658,1.0,pearson,148.59754872587652,4856.786672666456,CUL5
AMPL251238,True,0.00014470963946687683,1.264830130322144,-8.1476341290757,1.0,pearson,164.7564552934769,8094.385756382008,CUL5
AMPL251239,True,0.0006779463404392534,0.540415521920973,-6.603295236490883,1.0,pearson,155.79169106664366,4507.521907044219,ATM
AMPL251243,True,0.001952016968880509,0.4795394489709914,-5.545744917395044,1.0,pearson,141.73263999109938,2274.8067466562834,ATM
AMPL251245,True,0.0021885096148177314,0.386061117491958,-5.4313873274461635,1.0,pearson,143.23708628986077,2028.293020041398,RAD51AP1
AMPL251249,True,0.0007673938866318267,0.4740857923175869,-6.479363165961719,1.0,pearson,157.64657061298493,4252.9896635802825,PIK3C2G
AMPL251263,True,0.0003171498399378983,0.8794535385019758,-7.362989034013504,1.0,pearson,158.18476277162185,7070.70632614401,PARP4
AMPL251275,True,0.0005032478772619559,0.5591014179131765,-6.901280530952031,1.0,pearson,157.27070198801962,5406.9467465724965,PRMT5
AMPL251278,True,2.8452329173245486e-05,0.6329065701290949,-9.774133351176202,1.0,pearson,202.0079899467474,5830.962347379969,G2E3
AMPL251281,True,0.00018469229849909241,2.3261021173021366,-7.903672188420456,1.0,pearson,149.60555733998294,13519.542589358342,ATXN3
AMPL251284,True,0.0018802725149061725,0.4790680276619738,-5.583191377347931,1.0,pearson,143.5422457854948,2222.557286827413,HERC2
AMPL251285,True,9.132568726092807e-05,4.160370995035174,-8.607931279309984,1.0,pearson,211.61068995924424,11937.024338593168,SPRED1
AMPL251286,True,0.0006575073617882617,1.046747227259397,-6.633907416778952,1.0,pearson,148.2076183163248,4026.104209968673,INO80
AMPL251297,True,1.3881924231158096e-06,6.24195683957985,-12.794360891559695,1.0,pearson,672.0716092609856,22465.11423801894,PPP4C
AMPL251298,True,0.0007160902598157383,0.4394127434301915,-6.548557157193563,1.0,pearson,157.78535544472246,4078.1778005723386,NUP93
AMPL251306,True,0.0006124794597634791,0.5567172024886718,-6.704847970627794,1.0,pearson,155.7095733918506,4363.946911039101,PER1
AMPL251314,True,0.001218020278295573,0.6077104463979819,-6.017381280426137,1.0,pearson,147.79079662936675,3619.0679917801194,EME1
AMPL251315,True,0.004213762078467872,0.6507902583676455,-4.776252244418666,1.0,pearson,98.74574220779886,557.7540956393467,RNF43
AMPL251316,True,0.0006623145519043943,0.6806085149260912,-6.626622780383075,1.0,pearson,154.37263841567585,3592.045132606413,RNF43
AMPL251331,True,0.0009562952002613245,2.9301733744419316,-6.259296725133555,1.0,pearson,141.3016492970571,3109.2180605796743,KMT2B
AMPL251334,True,0.0008351928569782403,0.5139033123319713,-6.394700712781109,1.0,pearson,154.82594457079728,4044.8759190453106,AXL
AMPL251348,True,0.0010808399264511655,0.5130627512470041,-6.136869649868526,1.0,pearson,154.31757977782905,3557.1531401840357,PTPRT
AMPL251353,True,3.4628589187915024e-05,2.299132533219442,-9.577683759412283,1.0,pearson,215.2575598335515,9190.133369829622,NFATC2
AMPL251363,True,0.0014030193951158514,0.3541988034725668,-5.8759814733661635,1.0,pearson,153.93146424759476,2940.9315425374193,XRCC6
AMPL251370,True,0.00019997787273203275,2.439647592908035,-7.82415665331678,1.0,pearson,170.926473235723,9593.604434458153,HUWE1
AMPL251376,True,2.36540493997947e-05,1.3483243030903027,-9.958829055144562,1.0,pearson,225.79720414896622,7033.085569257687,BRCC3
AMPL252605,True,0.00045527826172981386,0.9155548034045685,-7.001454581141231,1.0,pearson,156.95751065510015,5694.313429584856,MUS81
AMPL252694,True,0.0008531836166207288,0.7529634913677293,-6.373388593264438,1.0,pearson,148.1238364948993,4891.5580607810325,BRCA1
AMPL252695,True,0.0007782185651374704,0.32036482958609047,-6.4653559606266535,1.0,pearson,158.625288992046,2982.4735760479434,BRCA1
AMPL252698,True,0.00011046528172040259,0.8748562276612307,-8.417662098390892,1.0,pearson,165.53892199682443,7206.354021728263,BRCA1
AMPL252824,True,0.0012873988632738746,0.96751799086035,-5.961984300748861,1.0,pearson,132.13721995013373,3422.27349119611,BAP1
AMPL252825,True,0.0020185745807399995,0.5877707040565653,-5.512216489198424,1.0,pearson,135.1363150281138,2060.3524704072793,BAP1
AMPL252826,True,0.0006498752390954737,0.6769325647390934,-6.645582972790574,1.0,pearson,157.88408197642275,4550.390512860541,BAP1
AMPL252827,True,0.0030659450848149828,0.30733874531376726,-5.0942522291522225,1.0,pearson,136.71131283789308,1176.0525813401853,BAP1
AMPL252829,True,0.0024221337732772625,0.43845433020597374,-5.329959222249558,1.0,pearson,136.63238508487294,1747.711009398703,KAT5
AMPL252830,True,0.0022543211445243483,0.6022586434689798,-5.401759215347389,1.0,pearson,130.5100656160468,1910.3922793133343,KAT5
AMPL252831,True,0.0007456745333712713,0.42063013397709603,-6.50807415474354,1.0,pearson,158.17771501438,4210.817856156192,KAT5
AMPL252832,True,0.0025176271455407727,0.6331237074399592,-5.291291249403406,1.0,pearson,124.31372318919361,1493.5397539204534,KAT5
AMPL252834,True,0.0009467301401088983,0.43259457426219516,-6.26934928775409,1.0,pearson,155.76423660739073,3733.6785078922367,KAT5
AMPL253201,True,0.0009203226214889094,0.4997953264452206,-6.297639093302113,1.0,pearson,156.5326997177551,3947.5368952179588,MTOR
AMPL253209,True,0.00010540613128829714,0.6575297563301102,-8.464542571373247,1.0,pearson,168.6129452955469,6029.547094471481,ARID1A
AMPL253210,True,0.0011264897557323576,0.5619238844650332,-6.095501711463874,1.0,pearson,146.6370859188002,3185.322582784747,ARID1A
AMPL253211,True,0.0008243413854344746,0.6384256655717575,-6.407778630582787,1.0,pearson,153.08577359184787,3395.3228336804436,ARID1A
AMPL253216,True,0.00019339144405774203,0.7150798438567273,-7.857647034982443,1.0,pearson,162.302973270707,6284.652175066845,ARID1A
AMPL253217,True,0.0011143112176353522,0.5074076290803553,-6.106371626422407,1.0,pearson,152.19176392258134,3562.80675217577,ARID1A
AMPL253218,True,0.0007597992855904822,0.8477566313276286,-6.489309076911206,1.0,pearson,145.7495427716169,4757.1172263543995,ARID1A
AMPL253219,True,0.0010364584468079455,0.6796882342521198,-6.178798536242444,1.0,pearson,145.69983279663643,3735.2407631419464,ARID1A
AMPL253220,True,0.0018802995327503232,0.3814810477782414,-5.583177008340339,1.0,pearson,146.37531071218774,1825.1280539751674,ARID1A
AMPL253221,True,0.0034458775828450877,1.2818570119834192,-4.9774294853685035,1.0,pearson,91.28493357982839,544.8936491747888,ARID1A
AMPL253222,True,0.0017610206721775361,0.6997178715412742,-5.648714530091426,1.0,pearson,134.77894837298913,2244.4627418443524,ARID1A
AMPL253223,True,0.002474884565228612,0.43813452995477303,-5.308414343800903,1.0,pearson,135.926286714076,1624.103910190874,ARID1A
AMPL253226,True,0.002758595251670137,0.820421975461975,-5.199886515046876,1.0,pearson,111.26551210167504,1297.8668615620431,ARID1A
AMPL253227,True,0.0031125219964627062,0.32908573113868417,-5.079174769519725,1.0,pearson,134.9190595612023,1107.9896219558716,ARID1A
AMPL253250,True,0.0002469389242007159,0.48020494838973155,-7.613222341795174,1.0,pearson,162.195740930211,4942.405646835931,DNMT3A
AMPL253264,True,0.0006008512940555905,0.4373068927781071,-6.724015904341108,1.0,pearson,156.98867866005276,3683.848164747581,ACVR2A
AMPL253273,True,0.0007746137912238405,0.5053733495224131,-6.469998806165311,1.0,pearson,155.24445882822835,3923.517804347523,SF3B1
AMPL253274,True,0.00010813872439893728,1.0279742684203994,-8.438948489350102,1.0,pearson,168.56249247793596,7497.0333968541645,BMPR2
AMPL253276,True,0.0015791895152678897,0.43649562970074757,-5.757696348015205,1.0,pearson,149.2536667212323,2649.632613695991,BMPR2
AMPL253277,True,0.0005828093721582082,0.5478399366274157,-6.7545032219527865,1.0,pearson,157.22734053514517,4666.01394276123,BMPR2
AMPL253278,True,9.555495429526327e-05,0.7617826728180218,-8.562661857771664,1.0,pearson,169.80671839097613,6304.597819220489,BMPR2
AMPL253279,True,5.999574590353802e-05,0.937091948683803,-9.028089719303566,1.0,pearson,182.6657168829149,6973.418966336601,BMPR2
AMPL253283,True,0.002038267277563283,0.49453392714010896,-5.50250802523182,1.0,pearson,139.1325824901915,2038.0466665849221,BMPR2
AMPL253289,True,2.949388329941995e-05,5.256387543621661,-9.738180481340038,1.0,pearson,252.80715998659127,18035.11500685845,KIF1A
AMPL253292,True,0.0013287873827899635,0.5180844725313634,-5.930341314341501,1.0,pearson,149.25248462276082,2961.4949966179884,RAF1
AMPL253295,True,0.0001057647021008643,1.1443322799279372,-8.461146542182766,1.0,pearson,170.32137013817535,7017.859096240979,TGFBR2
AMPL253297,True,0.0020879641926396316,0.6580614407014569,-5.478418577667798,1.0,pearson,130.55532593345075,1898.5764029901889,TGFBR2
AMPL253300,True,0.00019933114453959204,0.33365597492592897,-7.827395892752702,1.0,pearson,162.03759975306357,3974.978388627953,TGFBR2
AMPL253311,True,0.0019231435540820907,0.7974982824756299,-5.560646983493073,1.0,pearson,126.252806039044,2233.4971809750823,CTNNB1
AMPL253312,True,0.0010419894479296705,0.5896474632422697,-6.17347628188925,1.0,pearson,151.29168923828357,3701.0830759410155,CTNNB1
AMPL253331,True,0.0006636691284277537,0.4168808024945458,-6.62457965268149,1.0,pearson,158.82975320689388,3950.1321693058194,PIK3CA
AMPL253343,True,0.00024834454141226057,0.7569037672948542,-7.6075463155076175,1.0,pearson,158.35622667782803,6259.893565273879,BMPR1B
AMPL253345,True,5.2554540993978e-05,1.4703051709261798,-9.16051187098928,1.0,pearson,190.27215362114634,9771.148826547047,BMPR1B
AMPL253347,True,0.0032917240310596924,0.8294845087229098,-5.023196649297592,1.0,pearson,102.53181731315601,947.9462551208209,BMPR1B
AMPL253349,True,0.001104469379896818,0.3976812058277944,-6.115243077973429,1.0,pearson,155.997840050973,3163.6494458463003,BMPR1B
AMPL253357,True,0.000560509595546626,0.6518296294298803,-6.793517015419338,1.0,pearson,155.36733466264732,4956.460619502727,FBXW7
AMPL253358,True,0.00039042744674816027,0.9411894869537336,-7.155121221166121,1.0,pearson,151.64836590408603,5985.652146289382,FBXW7
AMPL253375,True,0.0004651527108282902,0.586263238681552,-6.979997615348439,1.0,pearson,159.13596834661655,4858.862078083862,CTNNA1
AMPL253379,True,0.00027507337088846976,3.2310739394398262,-7.505325512092611,1.0,pearson,176.04845434828985,7739.627649337567,RREB1
AMPL253390,True,0.0009343323306486915,0.47425373055197334,-6.28253118806339,1.0,pearson,154.61960753473258,3725.6013005869145,DAXX
AMPL253401,True,0.0013206869734837244,0.4456586459195474,-5.936456062745589,1.0,pearson,151.82545471130578,3075.1764325433014,ARID1B
AMPL253405,True,0.010740864930897012,0.703407078187687,-3.840552478981056,1.0,pearson,48.780182008684285,38.09607823068622,ARID1B
AMPL253406,True,0.001647440858766442,0.3249996314695696,-5.715385009234098,1.0,pearson,151.60605590846083,2087.573845420359,ARID1B
AMPL253411,True,0.0006618539291742227,0.5856597513051852,-6.627318496608514,1.0,pearson,156.01356028886633,4483.925199756628,INHBA
AMPL253412,True,0.0001938423254305324,0.5395007876592622,-7.855318304318552,1.0,pearson,161.87959892810122,5328.160325205209,INHBA
AMPL253420,True,0.0010088201138057171,0.6414810668546735,-6.205826654604133,1.0,pearson,149.25815233490928,3760.0309615180076,KMT2C
AMPL253422,True,0.0006131828503937044,0.4015415594668148,-6.703700198192245,1.0,pearson,160.4459832000002,4183.174570602777,KMT2C
AMPL253425,True,0.0011764863340424534,0.4236739307746537,-6.0520757850778955,1.0,pearson,152.426110207808,3370.498092029674,KMT2C
AMPL253455,True,0.0012604709747942044,0.43812028464070724,-5.983122657781494,1.0,pearson,151.40805167314255,3092.8672543116004,TGFBR1
AMPL253456,True,0.0006695262166858312,0.3086190274915681,-6.615793054435103,1.0,pearson,161.22444336954004,3650.7697149528094,TGFBR1
AMPL253469,True,0.0011419815885439848,0.7354636681954072,-6.081843109433936,1.0,pearson,143.9798584148598,3563.441929155449,BMPR1A
AMPL253470,True,0.0017058515516634762,0.3150310383671955,-5.680543668576354,1.0,pearson,152.03392327950905,2326.995366723855,BMPR1A
AMPL253471,True,0.000536455447436273,0.5549936566248168,-6.837379861771075,1.0,pearson,157.44511024371604,4752.29522848629,BMPR1A
AMPL253472,True,0.0004232401786909018,0.7070954122441346,-7.074423561170882,1.0,pearson,155.5083962987202,5379.852452356161,BMPR1A
AMPL253477,True,0.0019156013624285248,0.6040719781921365,-5.56457649770804,1.0,pearson,134.73436474806383,2235.072240844016,BMPR1A
AMPL253490,True,0.0009971127284716529,0.659377616677774,-6.217499546159481,1.0,pearson,149.10815285902933,4309.993125867543,MEN1
AMPL253491,True,0.0009557095870231671,0.693478964999639,-6.2599092897676645,1.0,pearson,150.28476316667962,4217.021080807909,MEN1
AMPL253520,True,0.0003938175450665274,0.6252950032693755,-7.146475658950207,1.0,pearson,158.4030979159751,5491.881734299157,ATM
AMPL253525,True,0.000655086617306178,0.49811006430331145,-6.6375959103499325,1.0,pearson,157.55703307649335,4260.670070516854,KMT2A
AMPL253529,True,0.0002999673726909419,0.8376038334017937,-7.418689666359535,1.0,pearson,155.47564469894812,6134.186290833869,CHD4
AMPL253539,True,0.0002682860835058814,1.0227878518927433,-7.5303094904723755,1.0,pearson,160.3513637448383,6549.015684525969,ARID2
AMPL253540,True,0.0006156766956632455,0.49667915627530657,-6.699641396352524,1.0,pearson,157.62465344819316,4293.198286688061,ARID2
AMPL253541,True,0.0007856069021073674,0.5923194742515275,-6.45590683462445,1.0,pearson,154.1906599311636,4359.626026723633,ARID2
AMPL253549,True,0.0008817380169292864,1.702084057958427,-6.340468398480557,1.0,pearson,145.42495595433545,4429.627709782823,KMT2D
AMPL253550,True,0.0005107396897200453,0.6015420556520059,-6.886503330459452,1.0,pearson,155.20899102957864,4029.1655321066487,KMT2D
AMPL253553,True,0.0014524792617904708,0.44846400589616964,-5.84133616637711,1.0,pearson,150.08211894188756,2990.735621571723,ACVR1B
AMPL253568,True,0.0019955120493607994,0.39989496975159966,-5.523707414667271,1.0,pearson,144.9633083897911,2153.5707895333885,SACS
AMPL253572,True,0.0006429416719327391,0.5504835866505952,-6.6563093696720905,1.0,pearson,156.7269543023523,4723.92959788085,BRCA2
AMPL253573,True,0.0003607063056927726,0.5458580611466479,-7.234299307826813,1.0,pearson,159.81475394654095,5283.18187829839,BRCA2
AMPL253574,True,0.00015534965404240996,0.6922993448353431,-8.076684968523594,1.0,pearson,159.9711005410008,5146.906249160766,BRCA2
AMPL253577,True,0.0010478850249614076,0.46634477642472527,-6.167834227548105,1.0,pearson,154.14335620819116,3658.005259210763,BRCA2
AMPL253580,True,0.000823954166861535,0.7806222574532872,-6.408248471782715,1.0,pearson,149.84126493227615,5020.596681620911,BRCA2
AMPL253581,True,0.0007584677696139176,0.5358238301354494,-6.491063071787624,1.0,pearson,155.78877656081863,4212.660869854297,BRCA2
AMPL253583,True,0.001955038298799931,0.3806532165710883,-5.544198314997755,1.0,pearson,146.7026540066981,2067.621047685627,BRCA2
AMPL253584,True,0.0001917564869180132,0.704156131456499,-7.866137107648284,1.0,pearson,161.73788975255633,5831.927861290851,BRCA2
AMPL253585,True,0.0001952040427228896,0.9576460691176664,-7.848317992969259,1.0,pearson,160.02565169733268,7414.634075455174,BRCA2
AMPL253586,True,0.0008447745562504401,0.6600380805795945,-6.383293582980653,1.0,pearson,151.2325968662136,4442.094066747814,BRCA2
AMPL253587,True,0.0003688963117532266,0.764180907409951,-7.211847770809861,1.0,pearson,156.92237040548687,6092.805091343768,BRCA2
AMPL253588,True,0.0001661070310636818,0.7876049102363314,-8.009731031375853,1.0,pearson,163.338735187708,6313.133106162242,BRCA2
AMPL253589,True,0.00029382406673463424,0.7391055924741508,-7.43938220165308,1.0,pearson,158.96563229705154,6485.665950318025,RB1
AMPL253609,True,0.00042318716223191,6.343653211556435,-7.074548832311115,1.0,pearson,135.14043233805387,9564.945633660474,SMAD6
AMPL253610,True,3.1307484089349055e-05,11.256679356041317,-9.678506200154139,1.0,pearson,319.23164069159964,26110.48900752677,SMAD6
AMPL253619,True,0.0014217577156986406,0.45004541780513874,-5.862714164329637,1.0,pearson,150.39871697597653,2879.197877448571,IDH2
AMPL253624,True,0.0003681005866623109,1.0487998725646595,-7.214007143262648,1.0,pearson,159.26112314208808,5633.369239616299,CREBBP
AMPL253628,True,0.0005591506131066793,0.5405527848189164,-6.79594450743305,1.0,pearson,157.33280887054815,4862.938967666733,CREBBP
AMPL253635,True,1.431350306749943e-05,4.315071557573455,-10.461160015226854,1.0,pearson,284.66377018441625,16324.412884707703,CDH1
AMPL253636,True,0.0007274582412034638,0.6974150815793406,-6.5328067804137575,1.0,pearson,152.28376901208765,4971.6901124018095,CDH1
AMPL253641,True,0.001086919421539495,0.6167856822330711,-6.131260622249322,1.0,pearson,147.8507035619125,3755.2884893864407,TP53
AMPL253650,True,0.0021791212774015007,0.42191611603730494,-5.43568638664207,1.0,pearson,141.41326928536992,2049.414233219499,MAP2K4
AMPL253654,True,0.0002690855437661833,1.1012333004417179,-7.527334041790123,1.0,pearson,156.75768813289005,8262.334270557027,NCOR1
AMPL253656,True,0.0005786779686176497,0.750242004082159,-6.761617240021587,1.0,pearson,154.117591886105,5706.344372474732,NF1
AMPL253672,True,0.0014598393244633768,2.1007675200036333,-5.836281720495497,1.0,pearson,114.9619434427757,2500.057119369115,RNF43
AMPL253673,False,2.4833746754938546e-05,1.1131861182984942e-17,-9.910159892975624,1.0,pearson,392.6335564718807,148717.49270549204,RNF43
AMPL253674,True,0.00010986526753560717,0.9012146196599066,-8.423108602927611,1.0,pearson,172.15792508933123,5772.797666046572,RNF43
AMPL253679,True,0.000508077560039178,0.5102299032682631,-6.891729264237354,1.0,pearson,158.89266045196658,4508.313656641324,RNF43
AMPL253681,True,2.2653813351978113e-05,2.555575709532776,-10.002035179735492,1.0,pearson,246.56879491322402,12910.872586956439,AXIN2
AMPL253689,True,0.0001302033261339178,1.3910384608784587,-8.253266101612708,1.0,pearson,170.39278303616894,8001.389083748156,SMAD7
AMPL253690,True,0.00020058448459316767,0.7641032357720186,-7.8211278498669365,1.0,pearson,162.83010811768725,5376.566036285437,SMAD7
AMPL253691,False,6.039008937974794e-08,0.0,-15.92929364802556,1.0,pearson,3217.9447743914766,289905.71468101954,SMAD7
AMPL253703,True,1.0772154434419611e-05,496.33574143914365,-10.745398865905349,1.0,pearson,754.6086823910548,389081.14595557464,STK11
AMPL253710,True,0.0008084353334938384,1.5693332579223285,-6.427262684896036,1.0,pearson,149.33138918457684,4521.280770330124,SMARCA4
AMPL253712,True,0.0004461494290091691,0.891425726648929,-7.021709438877055,1.0,pearson,159.04044535981205,5256.597487731882,SMARCA4
AMPL253718,True,0.0013906075545448556,4.107713681056472,-5.88486735717481,1.0,pearson,120.55526511362518,1054.4144631846823,AKT2
AMPL253722,True,0.002020069295334808,0.4073734481664735,-5.511476282976276,1.0,pearson,144.43077254967798,2052.7998602286834,ARHGAP35
AMPL253746,True,3.409314843400637e-05,5.211971474393924,-9.593266938992091,1.0,pearson,259.4737244314474,17425.039007540436,GNAS
AMPL253748,True,0.00024670921520009544,0.674607865009112,-7.614153000695171,1.0,pearson,159.89470823425162,6129.147489884371,GNAS
AMPL253754,True,0.0018685382016734025,0.9870339820598892,-5.58945168358562,1.0,pearson,122.27014987335515,2365.128361268403,EP300
AMPL253761,True,0.0001549283223683593,1.1945835256478057,-8.079400803774904,1.0,pearson,167.7208487940217,8421.31336470706,KDM6A
AMPL253763,True,0.00012541636745869335,1.4941341095008276,-8.290724235723614,1.0,pearson,175.99333941417336,7825.696337022895,RBM10
AMPL253764,True,0.0008510382350049898,1.2316479490718808,-6.375906320339679,1.0,pearson,146.66657802479585,4481.315602893906,RBM10
AMPL253765,True,6.585154980000472e-05,1.8343259059373682,-8.9349604141844,1.0,pearson,182.73182751591514,8646.672044715808,RBM10
AMPL253766,True,0.00043510746256102405,2.498834133260134,-7.046770336454922,1.0,pearson,166.64799454511973,6429.83129858281,RBM10
AMPL253768,True,0.00041738437360719523,0.9190872268078938,-7.088355820914842,1.0,pearson,156.58950779487856,5768.910660354174,ELK1
AMPL253773,True,0.001616525999070287,0.8851386320592393,-5.734328696810935,1.0,pearson,136.7224386135596,2571.086073427203,MED12
AMPL253924,True,0.0006319309919440249,0.5458619942337051,-6.673583179181115,1.0,pearson,156.461758777317,4629.219413117304,BMPR1B
AMPL254204,True,0.0004339928930400443,0.6237379891480203,-7.049335218921772,1.0,pearson,157.02742222818696,4647.284738621694,SMAD3
AMPL254272,True,0.000349182211769198,0.763494181059516,-7.266769494687115,1.0,pearson,156.17354830718548,5533.330127341816,SMAD2
AMPL257559,True,0.00035188274677008905,7.332146405474238,-7.259065363065074,1.0,pearson,187.80469503551396,7614.6461907806,GATA6
AMPL257560,True,1.0293273355125425e-05,16.620986048457322,-10.790872767831276,1.0,pearson,420.9477063392588,46406.530494485465,GATA6
AMPL257561,True,1.4650634142028464e-06,27.58069592079955,-12.740464849726829,1.0,pearson,803.8543249782006,78033.1231456257,GATA6
AMPL257565,True,0.0014116468065618365,0.49243847746098796,-5.869851127636484,1.0,pearson,148.23407880161386,3237.384653878188,RPL22
AMPL257566,True,0.0003751348957411319,0.8705329939480555,-7.195077694142005,1.0,pearson,158.25413518206244,6117.765229151219,MTOR
AMPL257567,True,0.0008099509036855857,0.5758369184784563,-6.425389744308715,1.0,pearson,154.80917020678658,4317.06773494694,MTOR
AMPL257571,True,0.0033239153609919176,0.5685977841829094,-5.013464684751999,1.0,pearson,115.46588239531495,939.7471018776633,ARID1A
AMPL257574,True,0.0009722618073429133,0.39448399522998256,-6.242738260093628,1.0,pearson,157.5973381168591,3443.2332303853623,PIK3R3
AMPL257576,True,0.00252468201809178,0.38878947735316993,-5.288492977054147,1.0,pearson,138.36828415216254,1749.1998854954788,CLK2
AMPL257577,True,0.00036095499983262313,0.7285336356808245,-7.233610081044689,1.0,pearson,155.35691000732604,5923.945093739407,NUF2
AMPL257578,True,0.00018765464291593754,0.8434022903783799,-7.887760109704994,1.0,pearson,163.9974539992246,5873.427339958778,DNMT3A
AMPL257586,True,0.0007973881305462673,0.4243309915863344,-6.441021827761906,1.0,pearson,156.9612158873032,3805.8445955007555,IDH1
AMPL257588,True,0.00014410462963660722,4.153028634007905,-8.151823746971798,1.0,pearson,184.67411825001258,14132.618111231519,KIF1A
AMPL257594,True,5.432193291391491e-05,0.9399272457597484,-9.12743531095202,1.0,pearson,184.09381099572508,6989.207401241094,TOPBP1
AMPL257595,True,0.0005964640104858789,0.752214610639836,-6.731344472161193,1.0,pearson,153.12566657911142,4564.24773816331,ATR
AMPL257597,True,1.1784950991173675e-05,3.9628469670921023,-10.655539999601574,1.0,pearson,281.3874347154036,25778.585521642723,POLN
AMPL257600,True,0.0010103635042068516,0.5110209037743652,-6.20429792716405,1.0,pearson,153.39383552267392,3831.3858523213,LEF1
AMPL257602,True,0.000570710058853432,0.6800654798417347,-6.775482074551018,1.0,pearson,153.32314136411298,5476.6180037592985,PAPD7
AMPL257603,True,0.0001008828160468432,0.8491456919743215,-8.508403771319243,1.0,pearson,169.239847956016,6992.762162223491,NIPBL
AMPL257605,True,0.00011741793638851414,10.379070263718999,-8.356623701539364,1.0,pearson,249.914933032512,21001.461092866302,MSH3
AMPL257606,True,0.00037558180750827704,0.6340307341330598,-7.193887067057232,1.0,pearson,156.37362450140685,4914.148650030961,CHD1
AMPL257608,True,0.0005006761651387658,1.2632247294590881,-6.906403862279651,1.0,pearson,149.0821405729598,5449.747695732425,RREB1
AMPL257609,True,0.0007680554219038904,0.5823896046690813,-6.478501482922991,1.0,pearson,154.29422364676114,4431.2772037174245,MSH5
AMPL257611,True,7.199679292709949e-05,0.9900414986974646,-8.845741802059502,1.0,pearson,175.92122919077784,7314.065932123895,TTK
AMPL257612,True,0.00017584166810906738,1.5276257349719742,-7.95277940027748,1.0,pearson,165.94830648658964,9113.78321130628,ASCC3
AMPL257613,True,0.001339366749345349,0.5004825488935365,-5.922411171273595,1.0,pearson,149.51525231789165,3078.3811152151434,REV3L
AMPL257614,True,0.0007936896572649944,0.4050102194381483,-6.445670852430586,1.0,pearson,158.29051810053147,3463.717034959831,ARID1B
AMPL257617,True,0.0008017498003978783,0.5876288904751804,-6.435566787789152,1.0,pearson,152.88195505515114,4315.170058063372,KMT2E
AMPL257618,True,0.0007333438901028205,0.4898887841104414,-6.524748631234892,1.0,pearson,156.97690567525552,4146.738293169838,KEL
AMPL257621,True,0.0012340411255625096,0.5611576113966895,-6.00431384645826,1.0,pearson,148.3604844099165,3175.6107208644903,KMT2C
AMPL257623,True,0.00046421441761961105,0.5014064345945668,-6.982016824977786,1.0,pearson,157.80439209033585,4402.441056766849,PAXIP1
AMPL257624,True,0.0002105695798350425,1.09994504628812,-7.772547233365389,1.0,pearson,160.12584997197146,7500.3089059892745,WRN
AMPL257628,True,0.0031474434687518544,0.48443746892428974,-5.068017572329614,1.0,pearson,125.24608950516165,1095.7123244492589,PRKDC
AMPL257629,True,0.000994513713249884,0.5815076089998915,-6.220109490115492,1.0,pearson,151.59151541873695,4093.978516358185,LYN
AMPL257630,True,0.00022071495837126977,0.7054102712121246,-7.725491289495619,1.0,pearson,160.38010532667093,5960.639512946409,PREX2
AMPL257631,True,0.00022726195278851362,0.7858550303918487,-7.696260048200729,1.0,pearson,160.20054375216043,6438.538788271127,PRDM14
AMPL257633,True,0.001636160513673184,1.5650908481938695,-5.722255751562284,1.0,pearson,125.56586131196808,1997.5513224544454,SPTAN1
AMPL257635,True,0.00029700316101975905,0.7714761786168544,-7.428620595494095,1.0,pearson,157.47459560178294,6208.710818622233,PTEN
AMPL257636,True,0.0002544756814291928,0.6320659816950884,-7.583158100285081,1.0,pearson,159.16875830373098,5600.977263678583,PTEN
AMPL257637,True,0.000646694697102969,0.6312320264776766,-6.650489068918958,1.0,pearson,157.47221588446442,4431.466461578525,MGMT
AMPL257638,True,0.000575092311474876,0.5540366573785216,-6.767832807796981,1.0,pearson,157.1381275806998,4231.011811700632,RRM1
AMPL257639,True,0.0004774163858336186,0.4032654362577245,-6.953974341018621,1.0,pearson,160.21649181237282,4041.555119671889,MARK2
AMPL257645,True,0.001338110674834684,0.7453090562848267,-5.923349423519135,1.0,pearson,138.2605938295913,3281.832048975258,KAT5
AMPL257654,True,0.00034190718963658813,0.7212332471744531,-7.287824052502286,1.0,pearson,157.77328032336146,6011.475136480518,INPPL1
AMPL257655,True,0.0004107672960995034,0.7746463532241282,-7.104336512792839,1.0,pearson,156.2318052324952,5824.249293977452,MRE11A
AMPL257659,True,0.0005069211318633162,0.4747978418821828,-6.894007944368615,1.0,pearson,159.01131634627671,4462.76178367229,ATM
AMPL257660,True,0.0003327404588613035,0.6108470467991943,-7.315000594135084,1.0,pearson,159.29654063183852,5745.190619564585,ATM
AMPL257664,True,0.0002382526713332003,0.5735960458132413,-7.649031622621436,1.0,pearson,160.54331887755848,5237.837863966342,ATF7IP
AMPL257667,True,0.00030230493556899357,0.39514096177058877,-7.41092714902711,1.0,pearson,160.15820695257358,4130.18237607363,ERBB3
AMPL257668,True,0.0002332786972395554,0.5487307558528064,-7.670129513135143,1.0,pearson,161.61974224214694,5390.32998539377,RFC5
AMPL257674,True,0.0004483152903116609,0.6402109901557073,-7.016866619504342,1.0,pearson,156.29083388059092,5773.35942272903,PARP2
AMPL257675,True,0.0004139231696078536,4.170547302307829,-7.096683001458594,1.0,pearson,178.15620079780993,5551.743003879242,NKX2
AMPL257676,True,0.002138941740923753,0.4673123001115568,-5.454296905287632,1.0,pearson,139.14495462471913,1832.0430192742604,MLH3
AMPL257678,True,0.0004286834452868782,0.523949513313333,-7.061644620625144,1.0,pearson,159.43269973238472,4451.4163062686775,MAP2K1
AMPL257680,True,1.9719558646676043e-05,1.7850184039339807,-10.140752409480498,1.0,pearson,233.72511144670486,9366.82970777818,MPG
AMPL257681,True,0.0012169754509441365,0.3810642008205499,-6.018239456399929,1.0,pearson,155.36591074464664,2942.538343137659,SLX4
AMPL257683,True,0.0017611997208338362,0.5320454457715788,-5.648612862031807,1.0,pearson,142.60005928168596,2435.637905026743,FANCA
AMPL257685,True,0.00042417753120101723,0.6512981423039227,-7.07221130414235,1.0,pearson,158.4394452662672,4974.335428763218,CHD3
AMPL257686,True,0.0002617657188305628,0.7881052837562524,-7.554913476617956,1.0,pearson,160.31673342880535,6146.4418471689505,PER1
AMPL257687,True,0.0005537863237635698,0.6379341673428385,-6.805584462235005,1.0,pearson,154.20055176228715,5217.998968316334,MAP2K4
AMPL257688,True,0.0003270781596616219,0.49629905339345354,-7.332164214695961,1.0,pearson,159.93154725312132,4594.3700259603165,MAP2K4
AMPL257689,True,0.000821801843309921,0.37246006731368075,-6.410864077942299,1.0,pearson,159.03042255967134,3719.765468818776,MAP2K4
AMPL257692,True,0.0018732453289795853,0.8699387722130213,-5.586935701701208,1.0,pearson,124.88606761689529,2425.8713432910617,ERBB2
AMPL257693,True,2.8200813261862047e-05,4.3344673421718705,-9.783012560802977,1.0,pearson,248.16059659770238,19371.78560259994,RARA
AMPL257694,True,0.00022254555707505166,1.0294619350313507,-7.71723154585753,1.0,pearson,158.74309010799675,7727.430902328142,BRCA1
AMPL257695,True,0.0006068919924658529,0.4164761457936027,-6.7140125388069976,1.0,pearson,159.38989172148572,4000.74793766974,KANSL1
AMPL257699,True,0.0003807284627101762,0.5142553905715929,-7.180276952665118,1.0,pearson,160.34110165794579,5035.910063128235,RNF43
AMPL257708,True,0.00032761200497054185,0.7953533341602141,-7.330533380887609,1.0,pearson,160.2939330557421,5895.214017328991,DNMT1
AMPL257713,True,1.2695685645184713e-05,2.391268551265675,-10.58110115463289,1.0,pearson,274.98752131423043,12985.86998094691,ARHGAP35
AMPL257714,True,0.001725684218884454,1.0458621846033223,-5.668984477954472,1.0,pearson,127.16929003403126,2438.8579332019085,POLD1
AMPL257717,True,0.000706951373926176,0.5067976589709642,-6.561401491912429,1.0,pearson,157.00726764056336,4231.900980890746,DNMT3B
AMPL257718,True,0.001126687238328698,0.38512576906137796,-6.09532641889044,1.0,pearson,155.90561630210135,2902.2752477796857,DNMT3B
AMPL257719,True,0.0010308425217162773,0.581054304520076,-6.18423164829699,1.0,pearson,151.3066561018338,3600.3119066436834,NFATC2
AMPL257721,True,0.00032852179042543243,0.8184895175767491,-7.327760208573268,1.0,pearson,156.50510374353286,6250.003244772087,AURKA
AMPL257723,True,0.0004956209273812742,0.801038369910505,-6.916552002186381,1.0,pearson,155.8796047044228,4586.536774323936,RTEL1
AMPL257724,True,0.0005830623030700609,0.5890017300851821,-6.7540693304342,1.0,pearson,154.8970232400569,4950.185389686724,SCAF4
AMPL257733,True,0.0013538871604982599,0.9429506204796103,-5.9116282652939285,1.0,pearson,138.5965531991343,2880.99655640781,KDM5C
AMPL257734,True,9.870608684730291e-05,1.2078478600724767,-8.53021676268098,1.0,pearson,174.09944793668163,8145.674616890346,SMARCA1
AMPL257753,True,0.00016617732397458207,0.2887783984641072,-8.009307942470926,1.0,pearson,162.57033528738444,3845.5930581539974,ARID1A
AMPL257777,True,0.00010053472678660363,0.5680697946139746,-8.511860169425242,1.0,pearson,167.19484583779433,5636.87388664462,CLK2
AMPL257792,True,0.00021240494600572977,0.43378273206293944,-7.763868802028336,1.0,pearson,161.12921566784613,4195.036871135957,MSH2
AMPL257918,True,0.0025833390620807555,4.664708835567266,-5.265525326147857,1.0,pearson,66.14934424042539,508.59913592408697,RREB1
AMPL257985,True,0.001642215937558747,4.684615692025159,-5.718561587172016,1.0,pearson,97.16717219563897,893.8745366139992,MYC
AMPL257986,True,0.00013723517537770241,0.7887834432796794,-8.200667314668404,1.0,pearson,164.00102424975256,4760.0121116662,MYC
AMPL257987,True,0.008212757424134841,0.6496829737316067,-4.108919369698173,1.0,pearson,63.06172277401028,115.47508396728776,MYC
AMPL257988,True,0.001994911178107948,0.2759295624397278,-5.524008571323165,1.0,pearson,150.8969479306845,2068.772913124868,MYC
AMPL2967,True,0.00038410092933177095,1.0390621276236192,-7.171458022550656,1.0,pearson,155.31851001219383,6838.175660379152,TP53
AMPL3836,True,4.184831696861847e-05,1.4414939982623565,-9.388311797081142,1.0,pearson,199.47404924234826,8285.735736113573,CREBBP
AMPL38486,True,0.0008075352522529435,0.6217471281469757,-6.428376667219617,1.0,pearson,153.30296731772353,3954.813866295365,BRCA2
AMPL38584,True,9.442108644236521e-05,0.702337499116936,-8.574598955866842,1.0,pearson,167.85272920504744,6298.505231562736,KRAS
AMPL38586,True,0.00010215817820223587,0.8636780434161174,-8.495840998628442,1.0,pearson,169.27382219136635,7020.68427347907,KRAS
AMPL38587,True,0.0002880521164189684,0.5038004863042129,-7.459221953851546,1.0,pearson,160.33498308887113,5324.153046101633,KRAS
AMPL40482,True,0.00022022038922711988,0.6310433289187437,-7.727734563273711,1.0,pearson,161.57856534495755,5658.418621888475,PIK3CA
AMPL4077,True,0.0001389319142194857,1.0184470957361937,-8.188379390036559,1.0,pearson,168.7322456261801,7581.113705743709,CDKN2A
AMPL41864,True,0.0008657501599957279,0.8442485553263368,-6.3587670093158914,1.0,pearson,145.73251982871494,4786.121273027123,BRCA2
AMPL43318,True,0.00021069855391225118,1.0999127764685521,-7.7719349198723595,1.0,pearson,163.24905523148274,7356.61389445314,KDM6A
AMPL44548,True,0.00048065782820803726,0.5596647283257733,-6.947207736313309,1.0,pearson,156.6007075937876,4714.051373496643,ATM
AMPL44652,True,0.00022907867121344677,0.8013022822485846,-7.6882978904304755,1.0,pearson,159.30281895048478,6642.897332224407,SMAD4
AMPL44653,True,0.0006773754624081933,0.5055233969059517,-6.604137660871015,1.0,pearson,155.32982444585613,4097.346888025643,SMAD4
AMPL44654,True,0.0002309336827096061,0.5546061300643412,-7.68023279593734,1.0,pearson,159.47051573921067,5544.652008658982,SMAD4
AMPL44655,True,0.00017726148473435252,0.7985976953870038,-7.944737420103247,1.0,pearson,162.304599502908,6640.928677842158,SMAD4
AMPL44659,True,5.569449492160775e-05,0.8319850539780521,-9.102482069797048,1.0,pearson,182.8316951130014,6803.976586527737,SMAD4
AMPL44712,True,0.00033544056813566086,0.5267013667187925,-7.306918580840475,1.0,pearson,158.03372871005715,4530.131665956702,FLT3
AMPL51946,True,0.000617466970377725,0.573625119976407,-6.69673779959964,1.0,pearson,157.10199886736743,4596.273490168629,RB1
AMPL52291,True,0.00027452931912081763,1.1416508506298717,-7.507305312975132,1.0,pearson,157.6924274352142,7298.475926049007,KDR
AMPL591,True,0.00044355519414858007,0.8292108163060347,-7.027541132104811,1.0,pearson,152.81324833923037,6338.84828116297,TP53
AMPL59152,True,0.0005915967495797289,0.49945168548135094,-6.739538140869916,1.0,pearson,157.49733050815755,4475.643315279333,TGFBR2
AMPL59620,True,0.0004821100437199943,0.8435069514770857,-6.944190982938668,1.0,pearson,155.37336867400953,5757.565935211029,MSH2
AMPL59786,True,0.0023617137817450676,0.2584514525154821,-5.355220564219315,1.0,pearson,148.16132244275676,1500.2101830571116,BMPR1A
AMPL61654,True,0.0005864736031058104,0.7004743182324005,-6.7482357178158905,1.0,pearson,153.16037473298195,5407.7933448888225,CTNNA2
AMPL84512,True,0.0002787238901655486,1.1743121820736089,-7.492141726584619,1.0,pearson,155.2808346196265,7816.003782051146,SMAD2
AMPL8463,True,2.171698603717369e-05,1.1593750079387102,-10.04426865636995,1.0,pearson,225.39954932750703,8341.883051173394,ACVR2A
AMPL84671,True,7.288336930642213e-05,0.773073337466203,-8.83350289464278,1.0,pearson,173.98922873845908,6734.564413136109,SMAD2
AMPL91658,True,0.0002539920053816772,0.5947907464743963,-7.585060585756423,1.0,pearson,161.02210465834003,5485.156895276906,ATM
AMPL9336,True,0.0007915336457412571,0.7658721438349446,-6.448390990153816,1.0,pearson,149.478332266257,4677.457780035813,TP53
AMPL93537,True,0.0007299356754345265,0.5844020625511788,-6.529406962987435,1.0,pearson,154.45144189591497,3924.139422590128,INSRR
AMPL93658,True,0.000706392347272131,0.4616018790276385,-6.562192561593234,1.0,pearson,157.43427178185016,4108.465679652211,KMT2A
